Delivery Date,From,To,Service Requirement Type,Service Requirement MW,DFS Procured MW,DFS Provider Bids Accepted Total Cost GBP,Settled Volume MW,Settled Cost GBP
27/03/2026,16:00,16:30,Live,500,0,0,0,0
27/03/2026,16:30,17:00,Live,500,8,432,2.69,145.44
27/03/2026,17:00,17:30,Live,500,8,472,2.69,158.74
27/03/2026,17:30,18:00,Live,500,0,0,0,0
27/03/2026,18:00,18:30,Live,500,173.7,12474,113.71,8181.71
27/03/2026,18:30,19:00,Live,500,176.5,12661,113.50,8162.80
23/03/2026,17:00,17:30,Live,500,63.3,4642.05,44.04,3306.26
23/03/2026,17:30,18:00,Live,500,63,4658,46.98,3510.03
23/03/2026,18:00,18:30,Live,500,205.3,16251.25,147.11,11686.67
23/03/2026,18:30,19:00,Live,500,209,16534.25,157.71,12536.39
22/03/2026,17:00,17:30,Live,500,3,225,0.31,23.27
22/03/2026,17:30,18:00,Live,500,3,225,0.20,14.74
20/03/2026,19:00,19:30,Live,300,124.3,9229.95,103.50,7659.42
20/03/2026,19:30,20:00,Live,300,114.6,8500.8,95.36,7075.88
16/03/2026,17:00,17:30,Live,500,38.4,2490.5,26.99,1813.06
16/03/2026,17:30,18:00,Live,500,35.6,2365.5,25.58,1736.92
16/03/2026,18:00,18:30,Live,500,8,472,2.13,125.48
16/03/2026,18:30,19:00,Live,500,8,484,3.59,216.90
16/03/2026,19:00,19:30,Live,500,0,0,0,0
16/03/2026,19:30,20:00,Live,500,8,440,1.21,66.76
11/03/2026,18:00,18:30,Live,500,0,0,0,0
11/03/2026,18:30,19:00,Live,500,0,0,0,0
11/03/2026,19:00,19:30,Live,500,0,0,0,0
11/03/2026,19:30,20:00,Live,500,0,0,0,0
10/03/2026,16:00,16:30,Live,500,1,65,0.00,0.00
10/03/2026,16:30,17:00,Live,500,8,520,1.87,121.24
10/03/2026,17:00,17:30,Live,500,0,0,0,0
10/03/2026,17:30,18:00,Live,500,0,0,0,0
10/03/2026,18:00,18:30,Live,500,0,0,0,0
10/03/2026,18:30,19:00,Live,500,0,0,0,0
10/03/2026,19:00,19:30,Live,500,0,0,0,0
10/03/2026,19:30,20:00,Live,500,0,0,0,0
09/03/2026,16:00,16:30,Live,500,60.2,4564.2,51.96,3977.64
09/03/2026,16:30,17:00,Live,500,55.6,4202.6,49.15,3761.28
09/03/2026,17:00,17:30,Live,500,42.2,3806.6,45.06,4077.77
09/03/2026,17:30,18:00,Live,500,61,5035.4,63.88,5315.19
09/03/2026,18:00,18:30,Live,500,67.1,5461.15,68.84,5657.26
09/03/2026,18:30,19:00,Live,500,43.7,3843.25,46.07,4084.52
09/03/2026,19:00,19:30,Live,500,36.1,2777.55,38.91,2974.72
09/03/2026,19:30,20:00,Live,500,30,2340.5,31.59,2459.01
19/02/2026,16:00,16:30,Live,500,63,2803.5,14.36,641.54
19/02/2026,16:30,17:00,Live,500,53.8,2404.8,14.4,639.88
19/02/2026,17:00,17:30,Live,500,34.5,1682.5,18.54,894.26
19/02/2026,17:30,18:00,Live,500,31.3,1529.9,17.82,856.88
19/02/2026,18:00,18:30,Live,500,31.7,1537.25,17.35,825.38
19/02/2026,18:30,19:00,Live,500,31.8,1542,18.56,882.33
19/02/2026,19:00,19:30,Live,500,28.5,1324.25,24.04,1073.46
19/02/2026,19:30,20:00,Live,500,9,456,1.02,50.81
14/02/2026,16:00,16:30,Live,500,0,0,0,0
14/02/2026,16:30,17:00,Live,500,0,0,0,0
14/02/2026,17:00,17:30,Live,500,0,0,0,0
14/02/2026,17:30,18:00,Live,500,0,0,0,0
14/02/2026,18:00,18:30,Live,500,0,0,0,0
14/02/2026,18:30,19:00,Live,500,0,0,0,0
14/02/2026,19:00,19:30,Live,500,0,0,0,0
14/02/2026,19:30,20:00,Live,500,0,0,0,0
04/02/2026,16:00,16:30,Live,500,52.3,2479.95,23.68,1123.31
04/02/2026,16:30,17:00,Live,500,45.6,2168.4,21.12,1001.74
04/02/2026,17:00,17:30,Live,500,26.1,1252.8,17.49,839.64
04/02/2026,17:30,18:00,Live,500,23.7,1137.6,17.45,837.72
04/02/2026,18:00,18:30,Live,500,25.2,1184.4,20.84,979.7
04/02/2026,18:30,19:00,Live,500,25.9,1217.3,19.67,924.26
04/02/2026,19:00,19:30,Live,500,0,0,0,0
04/02/2026,19:30,20:00,Live,500,0,0,0,0
30/01/2026,16:00,16:30,Live,500,39,2177,26.08,1441.3
30/01/2026,16:30,17:00,Live,500,32,1784,22.42,1237.54
30/01/2026,17:00,17:30,Live,500,14.2,781,17.04,937.2
30/01/2026,17:30,18:00,Live,500,11.8,649,14.16,778.8
30/01/2026,18:00,18:30,Live,500,11.2,565.6,13.44,678.72
30/01/2026,18:30,19:00,Live,500,11.1,560.55,13.32,672.66
29/01/2026,16:00,16:30,Live,500,41.4,2470.6,21.29,1260.11
29/01/2026,16:30,17:00,Live,500,34.4,2041.6,19.54,1154.83
29/01/2026,17:00,17:30,Live,500,24.2,1548.4,19.94,1242.48
29/01/2026,17:30,18:00,Live,500,21.8,1375.6,17.61,1094.77
29/01/2026,18:00,18:30,Live,500,12.5,737.5,15,885
29/01/2026,18:30,19:00,Live,500,20.3,1217.7,16.47,976.19
28/01/2026,16:00,16:30,Live,500,41.8,2569.8,18.73,1152.26
28/01/2026,16:30,17:00,Live,500,34.9,2160.9,17.71,1095.82
28/01/2026,17:00,17:30,Live,500,25.6,1774.4,18.3,1248.41
28/01/2026,17:30,18:00,Live,500,183.9,11995.95,42.04,2788.67
28/01/2026,18:00,18:30,Live,500,192.5,12503.1,54.51,3551.41
28/01/2026,18:30,19:00,Live,500,28.9,1939.4,25.95,1706.47
28/01/2026,19:00,19:30,Live,500,10.3,597.4,12.36,716.88
28/01/2026,19:30,20:00,Live,500,17.4,1053.2,15.39,915.22
26/01/2026,17:00,17:30,Live,500,0,0,0,0
26/01/2026,17:30,18:00,Live,500,0,0,0,0
26/01/2026,18:00,18:30,Live,500,11,649,13.2,778.8
26/01/2026,18:30,19:00,Live,500,11.1,654.9,13.32,785.88
23/01/2026,17:00,17:30,Live,500,0,0,0,0
23/01/2026,17:30,18:00,Live,500,0,0,0,0
23/01/2026,18:00,18:30,Live,500,0,0,0,0
23/01/2026,18:30,19:00,Live,500,0,0,0,0
22/01/2026,17:00,17:30,Live,500,0,0,0,0
22/01/2026,17:30,18:00,Live,500,0,0,0,0
22/01/2026,18:00,18:30,Live,500,0,0,0,0
22/01/2026,18:30,19:00,Live,500,0,0,0,0
20/01/2026,17:00,17:30,Live,500,25.1,1380.5,19.22,1057.2
20/01/2026,17:30,18:00,Live,500,23.7,1303.5,19.7,1083.69
20/01/2026,18:00,18:30,Live,500,24.2,1331,18.09,994.88
20/01/2026,18:30,19:00,Live,500,23.9,1314.5,19.75,1086.4
19/01/2026,16:00,16:30,Live,500,0,0,0,0
19/01/2026,16:30,17:00,Live,500,0,0,0,0
19/01/2026,17:00,17:30,Live,500,0,0,0,0
19/01/2026,17:30,18:00,Live,500,0,0,0,0
19/01/2026,18:00,18:30,Live,500,0,0,0,0
19/01/2026,18:30,19:00,Live,500,0,0,0,0
19/01/2026,19:00,19:30,Live,500,15.1,981.5,18.12,1177.8
19/01/2026,19:30,20:00,Live,500,15.7,1020.5,18.84,1224.6
16/01/2026,16:00,16:30,Live,500,42.9,2661.25,18.64,1157.44
16/01/2026,16:30,17:00,Live,500,37.7,2376.25,19.6,1232.98
16/01/2026,17:00,17:30,Live,500,18.6,1199.7,16.58,1069.68
16/01/2026,17:30,18:00,Live,500,17.3,1115.85,16.59,1070.24
16/01/2026,18:00,18:30,Live,500,22.5,1451.75,17.24,1085.48
16/01/2026,18:30,19:00,Live,500,22.4,1445.6,18.74,1180.09
16/01/2026,19:00,19:30,Live,500,6.5,351,7.8,421.2
16/01/2026,19:30,20:00,Live,500,4.1,221.4,4.92,265.68
14/01/2026,16:00,16:30,Live,500,0,0,0,0
14/01/2026,16:30,17:00,Live,500,0,0,0,0
14/01/2026,17:00,17:30,Live,500,27.3,1824.15,20.46,1351.35
14/01/2026,17:30,18:00,Live,500,25.5,1746.25,21.16,1411.46
14/01/2026,18:00,18:30,Live,500,21.2,1251,22.55,1330.34
14/01/2026,18:30,19:00,Live,500,21.2,1251,23.9,1408.94
14/01/2026,19:00,19:30,Live,500,0,0,0,0
14/01/2026,19:30,20:00,Live,500,0,0,0,0
11/01/2026,17:00,17:30,Live,500,0,0,0,0
11/01/2026,17:30,18:00,Live,500,0,0,0,0
11/01/2026,18:00,18:30,Live,500,0,0,0,0
11/01/2026,18:30,19:00,Live,500,0,0,0,0
08/01/2026,16:00,16:30,Live,500,45.9,5937.5,21.19,2668.98
08/01/2026,16:30,17:00,Live,500,37.6,5088,21.97,2794.4
08/01/2026,17:00,17:30,Live,500,20.4,2550,21.97,2746.15
08/01/2026,17:30,18:00,Live,500,19.5,2437.5,23.04,2879.85
08/01/2026,18:00,18:30,Live,500,0,0,0,0
08/01/2026,18:30,19:00,Live,500,0,0,0,0
08/01/2026,19:00,19:30,Live,500,0,0,0,0
08/01/2026,19:30,20:00,Live,500,0,0,0,0
06/01/2026,16:00,16:30,Live,500,44.3,3107.1,20.26,1327.11
06/01/2026,16:30,17:00,Live,500,37.6,2772.45,22.11,1485.63
06/01/2026,17:00,17:30,Live,500,35.5,3418.1,24.13,2133.54
06/01/2026,17:30,18:00,Live,500,34.4,3544.9,23.88,2170.18
06/01/2026,18:00,18:30,Live,500,34.7,2933.5,23.43,1681.86
06/01/2026,18:30,19:00,Live,500,34.3,2829.45,23.5,1652.68
05/01/2026,16:00,16:30,Live,500,40.4,3689.85,9.18,807.36
05/01/2026,16:30,17:00,Live,500,33.8,3085.95,13.94,1242.08
05/01/2026,17:00,17:30,Live,500,24.8,2373.35,14.09,1312.89
05/01/2026,17:30,18:00,Live,500,23.4,2306.05,13.77,1302.51
05/01/2026,18:00,18:30,Live,500,13.7,1229.5,10.88,946.9
05/01/2026,18:30,19:00,Live,500,13.8,1173,10.96,931.18
04/01/2026,16:00,16:30,Live,500,0,0,0,0
04/01/2026,16:30,17:00,Live,500,0,0,0,0
04/01/2026,17:00,17:30,Live,500,0,0,0,0
04/01/2026,17:30,18:00,Live,500,0,0,0,0
04/01/2026,18:00,18:30,Live,500,0,0,0,0
04/01/2026,18:30,19:00,Live,500,0,0,0,0
31/12/2025,16:00,16:30,Live,500,0,0,0,0
31/12/2025,16:30,17:00,Live,500,0,0,0,0
31/12/2025,17:00,17:30,Live,500,0,0,0,0
31/12/2025,17:30,18:00,Live,500,0,0,0,0
31/12/2025,18:00,18:30,Live,500,0,0,0,0
31/12/2025,18:30,19:00,Live,500,0,0,0,0
30/12/2025,16:00,16:30,Live,500,28,1400,19.76,987.76
30/12/2025,16:30,17:00,Live,500,22.3,1115,20.18,1008.98
30/12/2025,17:00,17:30,Live,500,17.4,870,18.87,943.45
30/12/2025,17:30,18:00,Live,500,17.3,865,18.55,927.43
29/12/2025,16:00,16:30,Live,500,33.2,1660,19.42,971.22
29/12/2025,16:30,17:00,Live,500,27.8,1390,19.51,975.55
26/12/2025,16:00,16:30,Live,500,0,0,0,0
26/12/2025,16:30,17:00,Live,500,0,0,0,0
26/12/2025,17:00,17:30,Live,500,0,0,0,0
26/12/2025,17:30,18:00,Live,500,0,0,0,0
03/12/2025,16:00,16:30,Live,500,54.3,3147.7,23.55,1381.04
03/12/2025,16:30,17:00,Live,500,47.2,2729.8,22.64,1329.73
03/12/2025,17:00,17:30,Live,500,36.1,2088.7,21.98,1300.54
03/12/2025,17:30,18:00,Live,500,36.5,2112.5,21.32,1264.78
03/12/2025,18:00,18:30,Live,500,28.3,1556.5,22.08,1214.55
03/12/2025,18:30,19:00,Live,500,28.2,1551,24.74,1360.97
03/12/2025,19:00,19:30,Live,500,21.2,1121,23.55,1231.88
03/12/2025,19:30,20:00,Live,500,16.1,866,16.99,899.68
01/12/2025,16:00,16:30,Live,500,0,0,0,0
01/12/2025,16:30,17:00,Live,500,0,0,0,0
01/12/2025,17:00,17:30,Live,500,0,0,0,0
01/12/2025,17:30,18:00,Live,500,0,0,0,0
26/11/2025,16:00,16:30,Live,500,52.3,3902.7,15.81,1204.28
26/11/2025,16:30,17:00,Live,500,44.7,3437.55,20.82,1625.75
26/11/2025,17:00,17:30,Live,500,33.8,2491.75,18.05,1308.39
26/11/2025,17:30,18:00,Live,500,32.7,2449.5,19.15,1400.17
26/11/2025,18:00,18:30,Live,500,24.7,1605.5,19.73,1282.67
26/11/2025,18:30,19:00,Live,500,21,1365,19.52,1268.92
26/11/2025,19:00,19:30,Live,500,8.5,476,10.2,571.2
26/11/2025,19:30,20:00,Live,500,7.6,454.85,3.72,208.32
25/11/2025,16:00,16:30,Live,500,44.3,4850.85,13.24,1449.78
25/11/2025,16:30,17:00,Live,500,44,4818,12.75,1396.04
25/11/2025,17:00,17:30,Live,500,0,0,0,0
25/11/2025,17:30,18:00,Live,500,0,0,0,0
25/11/2025,18:00,18:30,Live,500,33.6,3192,19.17,1821.02
25/11/2025,18:30,19:00,Live,500,33.4,3173,17.88,1698.88
25/11/2025,19:00,19:30,Live,500,0,0,0,0
25/11/2025,19:30,20:00,Live,500,0,0,0,0
21/11/2025,16:00,16:30,Live,1000,37.2,3245.5,11.03,864.97
21/11/2025,16:30,17:00,Live,1000,27.9,2399.75,15.48,1222.7
21/11/2025,17:00,17:30,Live,1000,19.3,1697.5,16.96,1271.92
21/11/2025,17:30,18:00,Live,1000,17.3,1485,14.91,1123.66
21/11/2025,18:00,18:30,Live,1000,17.7,1326.1,15.33,1044.31
21/11/2025,18:30,19:00,Live,1000,17.9,1302.2,15.94,1091.7
21/11/2025,19:00,19:30,Live,1000,14.7,892.2,12.83,746
21/11/2025,19:30,20:00,Live,1000,19.7,1167.2,13.5,782.63
20/11/2025,16:00,16:30,Live,500,49.2,2919.7,2.31,156.15
20/11/2025,16:30,17:00,Live,500,40.5,2435.75,2.19,152.62
20/11/2025,17:00,17:30,Live,500,28.9,1920.6,11.95,771.72
20/11/2025,17:30,18:00,Live,500,27.2,1799.3,13.37,868.56
20/11/2025,18:00,18:30,Live,500,26.2,1643.2,15.44,951.53
20/11/2025,18:30,19:00,Live,500,26.2,1630.7,18.3,1123
20/11/2025,19:00,19:30,Live,500,25.2,1386,26.09,1434.98
20/11/2025,19:30,20:00,Live,500,18.4,1012,22.08,1214.4
20/11/2025,20:00,20:30,Live,500,21.9,1095,23.31,1281.82
20/11/2025,20:30,21:00,Live,500,24,1200,24.51,1347.95
20/11/2025,21:00,21:30,Live,500,0,0,0,0
20/11/2025,21:30,22:00,Live,500,0,0,0,0
20/11/2025,22:00,22:30,Live,500,0,0,0,0
20/11/2025,22:30,23:00,Live,500,0,0,0,0
19/11/2025,16:00,16:30,Live,500,43.9,2282.85,8.12,418.75
19/11/2025,16:30,17:00,Live,500,38.5,2017.25,16.2,836.99
19/11/2025,17:00,17:30,Live,500,27.4,1485.9,18.36,983.97
19/11/2025,17:30,18:00,Live,500,25.3,1373.55,18.75,1009.02
19/11/2025,18:00,18:30,Live,500,18.8,977.6,18.51,962.71
19/11/2025,18:30,19:00,Live,500,18.8,977.6,21.64,1125.43
19/11/2025,19:00,19:30,Live,500,8.4,420,10.08,504
19/11/2025,19:30,20:00,Live,500,1,50,1.2,60
18/11/2025,16:00,16:30,Live,500,43.3,2438.95,7.99,448.97
18/11/2025,16:30,17:00,Live,500,37.5,2111.25,9.85,554.29
18/11/2025,17:00,17:30,Live,500,27.9,1580.3,14.18,807.67
18/11/2025,17:30,18:00,Live,500,25.5,1468.5,12.85,737.74
18/11/2025,18:00,18:30,Live,500,19.4,1037.9,12.18,651.38
18/11/2025,18:30,19:00,Live,500,19.3,1032.55,14.92,798.36
18/11/2025,19:00,19:30,Live,500,1.2,60,1.44,72
18/11/2025,19:30,20:00,Live,500,0,0,0,0
06/11/2025,17:00,17:30,Live,200,42.8,2546.5,15.5,904.39
06/11/2025,17:30,18:00,Live,200,38,2258.5,15.8,922.08
29/10/2025,16:00,16:30,Live,500,21.2,1070.6,5.83,294.27
29/10/2025,16:30,17:00,Live,500,18.8,949.4,4.8,242.32
29/10/2025,17:00,17:30,Live,500,29.9,1644.5,16.77,922.38
29/10/2025,17:30,18:00,Live,500,28.5,1580,14.31,792.47
29/10/2025,18:00,18:30,Live,500,23,1230.5,14.89,796.37
29/10/2025,18:30,19:00,Live,500,22.7,1214.45,14.42,771.6
27/10/2025,16:00,16:30,Live,500,20.9,1045,3.39,169.42
27/10/2025,16:30,17:00,Live,500,22,1141,9.44,514.86
27/10/2025,17:00,17:30,Live,500,30.9,1760.4,10.33,601.04
27/10/2025,17:30,18:00,Live,500,25.6,1469.8,5.2,298.93
27/10/2025,18:00,18:30,Live,500,25.4,1422,11.87,661.66
27/10/2025,18:30,19:00,Live,500,25.2,1411,12.04,671.8
22/10/2025,16:00,16:30,Live,500,1,80,0.62,49.92
22/10/2025,16:30,17:00,Live,500,1,80,0.22,17.27
22/10/2025,17:00,17:30,Live,500,8,740,1.78,167.01
22/10/2025,17:30,18:00,Live,500,8,810,1.6,151.84
22/10/2025,18:00,18:30,Live,500,118.3,17575,79.35,11873.87
22/10/2025,18:30,19:00,Live,500,116.5,17355,93.22,13983.59
22/10/2025,19:00,19:30,Live,500,4,360,0,0
22/10/2025,19:30,20:00,Live,500,4,340,0,0
22/10/2025,20:00,20:30,Live,500,0,0,0,0
22/10/2025,20:30,21:00,Live,500,0,0,0,0
22/10/2025,21:00,21:30,Live,500,0,0,0,0
22/10/2025,21:30,22:00,Live,500,0,0,0,0
18/10/2025,18:00,18:30,Live,500,0,0,0,0
18/10/2025,18:30,19:00,Live,500,0,0,0,0
15/10/2025,17:00,17:30,Live,500,1,80,0,0
15/10/2025,17:30,18:00,Live,500,1,80,0,0
15/10/2025,18:00,18:30,Live,500,1,80,0,0
15/10/2025,18:30,19:00,Live,500,1,80,0,0
14/10/2025,17:00,17:30,Live,500,29,2330,25.25,1892.67
14/10/2025,17:30,18:00,Live,500,27,2185,23.69,1781.44
14/10/2025,18:00,18:30,Live,500,160.3,22850,114.63,15875.19
14/10/2025,18:30,19:00,Live,500,162,23105,108.39,14914.38
14/10/2025,19:00,19:30,Live,500,22,1590,22.87,1589.7
14/10/2025,19:30,20:00,Live,500,24,1729,22.99,1597.68
13/10/2025,16:00,16:30,Live,500,37.1,2526.25,27.34,1731.37
13/10/2025,16:30,17:00,Live,500,37.3,2538.75,22.57,1440.57
13/10/2025,17:00,17:30,Live,500,33.7,3146.9,21.31,2010.51
13/10/2025,17:30,18:00,Live,500,32.1,2991.7,21.2,2003.44
13/10/2025,18:00,18:30,Live,500,34.7,4025.85,24.75,2653.75
13/10/2025,18:30,19:00,Live,500,34.9,4048.05,24.69,2668.88
13/10/2025,19:00,19:30,Live,500,24.6,1868.9,19.17,1466.75
13/10/2025,19:30,20:00,Live,500,26.4,2006.6,23.28,1780.6
08/10/2025,17:00,17:30,Live,500,0,0,0,0
08/10/2025,17:30,18:00,Live,500,0,0,0,0
08/10/2025,18:00,18:30,Live,500,0,0,0,0
08/10/2025,18:30,19:00,Live,500,0,0,0,0
08/10/2025,19:00,19:30,Live,500,0,0,0,0
08/10/2025,19:30,20:00,Live,500,0,0,0,0
07/10/2025,17:00,17:30,Live,500,5,275,0,0
07/10/2025,17:30,18:00,Live,500,5,282.5,0.17,9.6
07/10/2025,18:00,18:30,Live,500,138,11000,89.2,7136.29
07/10/2025,18:30,19:00,Live,500,140.4,11179.5,85.49,6839.44
07/10/2025,19:00,19:30,Live,500,0,0,0,0
07/10/2025,19:30,20:00,Live,500,0,0,0,0
02/10/2025,16:00,16:30,Live,400,0,0,0,0
02/10/2025,16:30,17:00,Live,400,0,0,0,0
02/10/2025,17:00,17:30,Live,500,29.9,1519.9,26.46,1349.42
02/10/2025,17:30,18:00,Live,500,22.4,1137.4,20.88,1064.88
02/10/2025,18:00,18:30,Live,500,0,0,0,0
02/10/2025,18:30,19:00,Live,500,0,0,0,0
02/10/2025,19:00,19:30,Live,500,0,0,0,0
02/10/2025,19:30,20:00,Live,500,0,0,0,0
01/10/2025,17:00,17:30,Live,500,33.9,1767.5,20.27,1025.26
01/10/2025,17:30,18:00,Live,500,26.4,1392.5,15.99,809.18
01/10/2025,18:00,18:30,Live,500,31.9,2045.8,16.61,968.53
01/10/2025,18:30,19:00,Live,500,32.6,2095.7,16.42,949.2
01/10/2025,19:00,19:30,Live,500,23.4,1205.1,15.4,793.14
01/10/2025,19:30,20:00,Live,500,17.5,901.25,13.48,694.15
01/10/2025,20:00,20:30,Live,500,0,0,0,0
01/10/2025,20:30,21:00,Live,500,0,0,0,0
30/09/2025,18:00,18:30,Live,500,31.7,1969.25,22.95,1362.72
30/09/2025,18:30,19:00,Live,500,32.3,2016.25,22.36,1329.14
29/09/2025,17:00,17:30,Live,500,40.5,3412.25,28.01,2485.04
29/09/2025,17:30,18:00,Live,500,31.7,2659.25,21.8,1939.13
29/09/2025,18:00,18:30,Live,500,29.8,2336.8,20.3,1608.3
29/09/2025,18:30,19:00,Live,500,30.3,2389.3,21.67,1701.22
29/09/2025,19:00,19:30,Live,500,32.8,1902.2,17.83,1008.41
29/09/2025,19:30,20:00,Live,500,27.5,1621.3,16.02,894.72
24/09/2025,16:00,16:30,Live,500,31.4,1595.9,27.39,1397.12
24/09/2025,16:30,17:00,Live,500,31.3,1590.8,23.99,1223.5
24/09/2025,17:00,17:30,Live,500,27.8,1415.3,18.77,957
24/09/2025,17:30,18:00,Live,500,18.9,971.4,14.1,719.13
24/09/2025,18:00,18:30,Live,500,17.6,924,18.27,959.28
24/09/2025,18:30,19:00,Live,500,17.4,913.5,20.28,1064.74
24/09/2025,19:00,19:30,Live,500,0,0,0,0
24/09/2025,19:30,20:00,Live,500,0,0,0,0
24/09/2025,20:00,20:30,Live,500,14.4,806.4,15.79,884.33
24/09/2025,20:30,21:00,Live,500,1,53,0,0
23/09/2025,17:00,17:30,Live,500,14.4,965,0.74,55.57
23/09/2025,17:30,18:00,Live,500,14.4,982.5,2.6,195.08
23/09/2025,18:00,18:30,Live,500,14.4,1062.5,4.24,317.86
23/09/2025,18:30,19:00,Live,500,14.4,1072.5,5.04,376.85
23/09/2025,19:00,19:30,Live,500,10.4,772,4.86,364.27
23/09/2025,19:30,20:00,Live,500,10.4,775,4.3,322.26
22/09/2025,17:00,17:30,Live,500,70.3,3556.65,4.52,228.06
22/09/2025,17:30,18:00,Live,500,63.9,3226.95,4.76,240.42
22/09/2025,18:00,18:30,Live,500,63.5,4028.75,5.21,330.47
22/09/2025,18:30,19:00,Live,500,64.2,4074.2,5.27,333.96
19/09/2025,17:00,17:30,Live,500,5,250,0,0
19/09/2025,17:30,18:00,Live,500,5,250,0,0
19/09/2025,18:00,18:30,Live,500,15.4,1030,4.11,308.17
19/09/2025,18:30,19:00,Live,500,15.4,1055,4.59,343.99
19/09/2025,19:00,19:30,Live,500,3.6,187.2,3.95,205.49
19/09/2025,19:30,20:00,Live,500,3.6,187.2,3.8,197.52
08/09/2025,16:00,16:30,Live,500,18.1,942.75,20.52,1077.3
08/09/2025,16:30,17:00,Live,500,20.3,1068.25,23.16,1215.9
08/09/2025,17:00,17:30,Live,500,38.6,2570.7,29.42,2043.77
08/09/2025,17:30,18:00,Live,500,36,2426,26.64,1851.63
08/09/2025,18:00,18:30,Live,500,140,9584.5,117.41,8074.01
08/09/2025,18:30,19:00,Live,500,157.6,10758.2,117.29,8011.82
08/09/2025,19:00,19:30,Live,500,46.5,2827.9,30.29,1826.23
08/09/2025,19:30,20:00,Live,500,42.6,2611.6,26.59,1621.97
08/09/2025,20:00,20:30,Live,500,36.2,1848.6,20.1,1015.37
08/09/2025,20:30,21:00,Live,500,38.3,1949.15,21.22,1071.82
08/09/2025,21:00,21:30,Live,500,30,1510,23.35,1179.05
08/09/2025,21:30,22:00,Live,500,28.6,1438,6.13,310.04
08/09/2025,22:00,22:30,Live,500,0,0,0,0
08/09/2025,22:30,23:00,Live,500,1,50,0.02,1
05/09/2025,18:00,18:30,Live,500,6,310,0.69,34.81
05/09/2025,18:30,19:00,Live,500,6,310,0.61,31.65
05/09/2025,19:00,19:30,Live,500,3,184.5,0.14,9.72
05/09/2025,19:30,20:00,Live,500,3,184,0.13,8.76
04/09/2025,17:00,17:30,Live,385,49.3,2730.8,8.43,470.5
04/09/2025,17:30,18:00,Live,385,43.9,2428.4,9.76,545.25
04/09/2025,18:00,18:30,Live,385,29.7,1769.5,19.65,1178.71
04/09/2025,18:30,19:00,Live,385,42,2511,15.38,913.72
04/09/2025,19:00,19:30,Live,385,39.6,2097,3.4,195.58
04/09/2025,19:30,20:00,Live,385,35.6,1869,0.71,37.25
04/09/2025,20:00,20:30,Live,385,21.1,1097.2,7.24,376.23
04/09/2025,20:30,21:00,Live,385,28.6,1487.2,0,0
03/09/2025,18:00,18:30,Live,500,31.4,1569.3,22.3,1104
03/09/2025,18:30,19:00,Live,500,24.7,1222.65,21.09,1044.08
03/09/2025,19:00,19:30,Live,500,16.8,823.2,20.16,987.84
03/09/2025,19:30,20:00,Live,500,15.5,767.25,18.6,920.7
03/09/2025,20:00,20:30,Live,500,18,891,21.6,1069.2
03/09/2025,20:30,21:00,Live,500,0,0,0,0
02/09/2025,17:00,17:30,Live,500,26.3,1404.2,23.8,1285.18
02/09/2025,17:30,18:00,Live,500,24.6,1322.4,22.59,1219.69
02/09/2025,18:00,18:30,Live,500,33.5,1799.75,22.57,1207.46
02/09/2025,18:30,19:00,Live,500,32,1732,20.73,1109.11
02/09/2025,19:00,19:30,Live,500,26.4,1340,20.24,1012.23
02/09/2025,19:30,20:00,Live,500,26,1320,13.44,671.99
02/09/2025,20:00,20:30,Live,500,13.5,607.5,9.08,408.68
02/09/2025,20:30,21:00,Live,500,9.8,441,9.91,446.17
01/09/2025,16:00,16:30,Live,500,0,0,0,0
01/09/2025,16:30,17:00,Live,500,0,0,0,0
01/09/2025,17:00,17:30,Live,500,0,0,0,0
01/09/2025,17:30,18:00,Live,500,9.4,455.9,11.28,547.08
01/09/2025,18:00,18:30,Live,500,27.5,1420,18.76,974.64
01/09/2025,18:30,19:00,Live,500,25.8,1344.1,16.25,845.16
01/09/2025,19:00,19:30,Live,500,20,1032,13.74,707.82
01/09/2025,19:30,20:00,Live,500,19.2,990.8,12.73,655.4
01/09/2025,20:00,20:30,Live,500,21.2,989.6,16.9,788.5
01/09/2025,20:30,21:00,Live,500,21,980.4,13.88,649.27
01/09/2025,21:00,21:30,Live,500,9.5,451.25,8.16,387.76
01/09/2025,21:30,22:00,Live,500,3.2,152,3.84,182.4
26/08/2025,16:00,16:30,Live,500,0,0,0,0
26/08/2025,16:30,17:00,Live,500,0,0,0,0
26/08/2025,17:00,17:30,Live,500,0,0,0,0
26/08/2025,17:30,18:00,Live,500,0,0,0,0
26/08/2025,18:00,18:30,Live,500,0,0,0,0
26/08/2025,18:30,19:00,Live,500,0,0,0,0
26/08/2025,19:00,19:30,Live,500,0,0,0,0
26/08/2025,19:30,20:00,Live,500,0,0,0,0
26/08/2025,20:00,20:30,Live,500,0,0,0,0
26/08/2025,20:30,21:00,Live,500,0,0,0,0
20/08/2025,18:00,18:30,Live,500,17.7,880,15.81,787.61
20/08/2025,18:30,19:00,Live,500,16.9,845,15.49,774.6
20/08/2025,19:00,19:30,Live,500,52.7,2579.15,29.62,1456.68
20/08/2025,19:30,20:00,Live,500,50.3,2453.55,22.12,1081.94
18/08/2025,18:00,18:30,Live,500,0,0,0,0
18/08/2025,18:30,19:00,Live,500,0,0,0,0
18/08/2025,19:00,19:30,Live,500,0,0,0,0
18/08/2025,19:30,20:00,Live,500,0,0,0,0
18/08/2025,20:00,20:30,Live,500,44.3,2170.7,9.89,484.47
18/08/2025,20:30,21:00,Live,500,46.9,2298.1,8.86,434.06
15/08/2025,18:00,18:30,Live,500,28.5,1471.4,18.97,994.54
15/08/2025,18:30,19:00,Live,500,28.7,1491.3,18.23,949.48
15/08/2025,19:00,19:30,Live,350,54,2759.5,16.08,825.65
15/08/2025,19:30,20:00,Live,350,54.5,2781.5,17.77,909.39
14/08/2025,19:00,19:30,Live,500,1,60,0.72,43.11
14/08/2025,19:30,20:00,Live,500,0,0,0,0
14/08/2025,20:00,20:30,Live,500,49.3,2785.45,14.66,828.18
14/08/2025,20:30,21:00,Live,500,51.9,2932.35,14.15,799.61
11/08/2025,16:00,16:30,Live,500,0,0,0,0
11/08/2025,16:30,17:00,Live,500,0,0,0,0
11/08/2025,17:00,17:30,Live,500,0,0,0,0
11/08/2025,17:30,18:00,Live,500,0,0,0,0
11/08/2025,18:00,18:30,Live,500,5,300,0,0
11/08/2025,18:30,19:00,Live,500,0,0,0,0
11/08/2025,19:00,19:30,Live,500,66.4,4146,23.57,1458.96
11/08/2025,19:30,20:00,Live,500,67.3,4201.35,27.64,1709.36
11/08/2025,20:00,20:30,Live,500,49.2,2668.2,2.82,170.01
11/08/2025,20:30,21:00,Live,500,52.7,2862.45,1.32,76.45
11/08/2025,21:00,21:30,Live,500,27.1,1360,3.02,153.87
11/08/2025,21:30,22:00,Live,500,24.8,1239,4.65,231.92
10/08/2025,19:00,19:30,Live,500,0,0,0,0
10/08/2025,19:30,20:00,Live,500,0,0,0,0
08/08/2025,19:00,19:30,Live,500,26.6,1316.7,20.93,1036.05
08/08/2025,19:30,20:00,Live,500,28.6,1415.7,23.68,1172.19
08/08/2025,20:00,20:30,Live,500,0,0,0,0
08/08/2025,20:30,21:00,Live,500,0,0,0,0
07/08/2025,18:00,18:30,Live,300,27.1,1476.1,12.3,650.01
07/08/2025,18:30,19:00,Live,300,27.2,1478.9,12.65,667.19
07/08/2025,19:00,19:30,Live,300,26.4,1499.5,20.87,1127.68
07/08/2025,19:30,20:00,Live,300,28.9,1631.75,22.99,1235.28
07/08/2025,20:00,20:30,Live,300,31.2,1749.7,22.37,1202.57
07/08/2025,20:30,21:00,Live,300,31.1,1747.05,17.93,976.33
07/08/2025,21:00,21:30,Live,300,29.9,1648,5.82,345.68
07/08/2025,21:30,22:00,Live,300,32.6,1777.5,5.75,339.84
07/08/2025,22:00,22:30,Live,300,16,948.5,5.64,329.53
07/08/2025,22:30,23:00,Live,300,12.5,769.5,3.8,234.57
06/08/2025,18:00,18:30,Live,500,22.2,1131.1,13.33,673.07
06/08/2025,18:30,19:00,Live,500,22.3,1136.15,15.08,761.42
06/08/2025,19:00,19:30,Live,500,20.8,1055,16.81,840.37
06/08/2025,19:30,20:00,Live,500,23.9,1210,20.08,1003.87
06/08/2025,20:00,20:30,Live,500,18.1,895.95,18.98,939.71
06/08/2025,20:30,21:00,Live,500,14.6,722.7,17.52,867.24
06/08/2025,21:00,21:30,Live,500,7.4,370,8.88,444
06/08/2025,21:30,22:00,Live,500,2.6,130,3.12,156
06/08/2025,22:00,22:30,Live,500,0,0,0,0
06/08/2025,22:30,23:00,Live,500,0,0,0,0
04/08/2025,16:00,16:30,Live,500,1,25,0.18,4.55
04/08/2025,16:30,17:00,Live,500,1,25,0.21,5.32
04/08/2025,17:00,17:30,Live,500,1,36,0.28,10.14
04/08/2025,17:30,18:00,Live,500,1,34,0.41,14.1
04/08/2025,18:00,18:30,Live,500,1,42,0.55,23.05
04/08/2025,18:30,19:00,Live,500,1,45,0.62,27.88
04/08/2025,19:00,19:30,Live,500,1,45.5,0.65,29.63
04/08/2025,19:30,20:00,Live,500,1,45,0.65,29.05
04/08/2025,20:00,20:30,Live,500,1,47.5,0.61,29.21
04/08/2025,20:30,21:00,Live,500,1,47.5,0.58,27.37
04/08/2025,21:00,21:30,Live,500,1,46,0.52,23.76
04/08/2025,21:30,22:00,Live,500,1,42.5,0.53,22.53
04/08/2025,22:00,22:30,Live,500,1,39,0.55,21.43
04/08/2025,22:30,23:00,Live,500,1,32.5,0.56,18.24
02/08/2025,19:00,19:30,Live,500,0,0,0,0
02/08/2025,19:30,20:00,Live,500,0,0,0,0
02/08/2025,20:00,20:30,Live,500,0,0,0,0
02/08/2025,20:30,21:00,Live,500,0,0,0,0
02/08/2025,21:00,21:30,Live,150,0,0,0,0
02/08/2025,21:30,22:00,Live,150,0,0,0,0
01/08/2025,19:00,19:30,Live,500,13.4,682.75,10.81,547.78
01/08/2025,19:30,20:00,Live,500,15.5,795.65,13.89,702.82
31/07/2025,16:00,16:30,Live,500,0,0,0,0
31/07/2025,16:30,17:00,Live,500,0,0,0,0
31/07/2025,17:00,17:30,Live,500,15.9,779.1,14.66,718.23
31/07/2025,17:30,18:00,Live,500,18.5,906.5,17.25,845.22
31/07/2025,18:00,18:30,Live,500,24,1203,17.2,858.97
31/07/2025,18:30,19:00,Live,500,23.6,1183.2,17.05,851.3
31/07/2025,19:00,19:30,Live,500,19.7,990,17.99,899.61
31/07/2025,19:30,20:00,Live,500,21.8,1095,20.47,1023.73
31/07/2025,20:00,20:30,Live,500,16.6,846.6,18.13,924.56
31/07/2025,20:30,21:00,Live,500,17.1,872.1,17.19,876.6
29/07/2025,17:00,17:30,Live,500,0,0,0,0
29/07/2025,17:30,18:00,Live,500,0,0,0,0
29/07/2025,18:00,18:30,Live,500,0,0,0,0
29/07/2025,18:30,19:00,Live,500,0,0,0,0
29/07/2025,19:00,19:30,Live,500,0,0,0,0
29/07/2025,19:30,20:00,Live,500,0,0,0,0
29/07/2025,20:00,20:30,Live,500,20.1,1050.45,20.76,1087.75
29/07/2025,20:30,21:00,Live,500,19.5,1019.15,19.7,1032.57
28/07/2025,17:00,17:30,Live,500,9.7,480.15,11.64,576.18
28/07/2025,17:30,18:00,Live,500,9.6,475.2,11.52,570.24
28/07/2025,18:00,18:30,Live,500,0,0,0,0
28/07/2025,18:30,19:00,Live,500,0,0,0,0
28/07/2025,19:00,19:30,Live,500,29.2,1555.45,26.13,1395.75
28/07/2025,19:30,20:00,Live,500,28.9,1542.1,21.45,1147.26
28/07/2025,20:00,20:30,Live,500,18.9,1027.05,16.46,894.47
28/07/2025,20:30,21:00,Live,500,18,978.1,12.26,665.5
27/07/2025,19:00,19:30,Live,500,0,0,0,0
27/07/2025,19:30,20:00,Live,500,0,0,0,0
26/07/2025,20:00,20:30,Live,500,0,0,0,0
26/07/2025,20:30,21:00,Live,500,0,0,0,0
24/07/2025,18:00,18:30,Live,500,29.6,1519.85,20.87,1069.98
24/07/2025,18:30,19:00,Live,500,31.9,1644.75,22.94,1179.99
24/07/2025,19:00,19:30,Live,500,26.7,1419.05,27.71,1465.93
24/07/2025,19:30,20:00,Live,500,28,1488.2,23.63,1249.94
24/07/2025,20:00,20:30,Live,500,22.2,1170.65,18.27,963.16
24/07/2025,20:30,21:00,Live,500,22.3,1175.5,9.18,484.07
22/07/2025,18:00,18:30,Live,500,1,45,0.57,25.73
22/07/2025,18:30,19:00,Live,500,0,0,0,0
22/07/2025,19:00,19:30,Live,500,0,0,0,0
22/07/2025,19:30,20:00,Live,500,0,0,0,0
22/07/2025,20:00,20:30,Live,500,0,0,0,0
22/07/2025,20:30,21:00,Live,500,0,0,0,0
21/07/2025,19:00,19:30,Live,500,22.7,1209.8,7.04,374.81
21/07/2025,19:30,20:00,Live,500,25.7,1370.5,7.44,398.46
21/07/2025,20:00,20:30,Live,500,20.1,1021.8,8.46,432.94
21/07/2025,20:30,21:00,Live,500,21.6,1097.55,9.99,509.54
20/07/2025,17:00,17:30,Live,500,0,0,0,0
20/07/2025,17:30,18:00,Live,500,0,0,0,0
20/07/2025,18:00,18:30,Live,500,0,0,0,0
20/07/2025,18:30,19:00,Live,500,0,0,0,0
20/07/2025,19:00,19:30,Live,500,0,0,0,0
20/07/2025,19:30,20:00,Live,500,0,0,0,0
20/07/2025,20:00,20:30,Live,500,0,0,0,0
20/07/2025,20:30,21:00,Live,500,0,0,0,0
18/07/2025,17:00,17:30,Live,500,0,0,0,0
18/07/2025,17:30,18:00,Live,500,0,0,0,0
18/07/2025,18:00,18:30,Live,500,5,262.5,0.42,22.21
18/07/2025,18:30,19:00,Live,500,5,262.5,0.52,27.45
18/07/2025,19:00,19:30,Live,500,2,110,0,0
18/07/2025,19:30,20:00,Live,500,0,0,0,0
18/07/2025,20:00,20:30,Live,500,3,162,2.19,118.38
18/07/2025,20:30,21:00,Live,500,3,162,2.06,111.37
16/07/2025,18:00,18:30,Live,300,5.7,311.85,6.22,342.76
16/07/2025,18:30,19:00,Live,300,5.8,321.4,6.43,356.26
16/07/2025,19:00,19:30,Live,500,29.1,1659.65,15.87,887.37
16/07/2025,19:30,20:00,Live,500,32.4,1844.2,17.93,1002.96
16/07/2025,20:00,20:30,Live,500,32,1848.1,17.98,1024.68
16/07/2025,20:30,21:00,Live,500,31.9,1841.7,17.69,1009.3
16/07/2025,21:00,21:30,Live,300,0,0,0,0
16/07/2025,21:30,22:00,Live,300,0,0,0,0
14/07/2025,18:00,18:30,Live,500,0,0,0,0
14/07/2025,18:30,19:00,Live,500,0,0,0,0
14/07/2025,19:00,19:30,Live,500,0,0,0,0
14/07/2025,19:30,20:00,Live,500,0,0,0,0
14/07/2025,20:00,20:30,Live,500,0,0,0,0
14/07/2025,20:30,21:00,Live,500,0,0,0,0
10/07/2025,18:00,18:30,Live,500,6,317.5,1.63,87.03
10/07/2025,18:30,19:00,Live,500,5,262.5,0,0
10/07/2025,19:00,19:30,Live,500,22.7,1339.75,10.71,637.54
10/07/2025,19:30,20:00,Live,500,28.7,1692.05,17.41,1032.26
10/07/2025,20:00,20:30,Live,500,29.3,1666.5,21.47,1224.06
10/07/2025,20:30,21:00,Live,500,27.6,1564.3,20.48,1163.24
09/07/2025,18:00,18:30,Live,500,29,1624.1,13.25,744.35
09/07/2025,18:30,19:00,Live,500,26.7,1498.25,14.26,810.71
09/07/2025,19:00,19:30,Live,500,24.7,1409.55,16.42,934.09
09/07/2025,19:30,20:00,Live,500,26.6,1517.8,17.92,1021.63
09/07/2025,20:00,20:30,Live,500,22.1,1214.35,18.32,1005.06
09/07/2025,20:30,21:00,Live,500,23.3,1276.4,19.62,1074
09/07/2025,21:00,21:30,Live,500,23.1,1194.85,19.15,991.56
09/07/2025,21:30,22:00,Live,500,21.4,1096.05,18.54,948.07
09/07/2025,22:00,22:30,Live,500,4.2,213.1,4.34,219.78
09/07/2025,22:30,23:00,Live,500,2.5,119.25,2.3,112.7
08/07/2025,19:00,19:30,Live,500,2,105,0,0
08/07/2025,19:30,20:00,Live,500,2,105,0,0
08/07/2025,20:00,20:30,Live,400,5.9,309.75,4.98,261.26
08/07/2025,20:30,21:00,Live,400,6.2,325.5,5.44,285.63
07/07/2025,19:00,19:30,Live,500,1,52,0.7,36.55
07/07/2025,19:30,20:00,Live,500,1,52.5,0.66,34.84
07/07/2025,20:00,20:30,Live,500,1,54,0.64,34.35
07/07/2025,20:30,21:00,Live,500,1,54,0.61,33.01
04/07/2025,16:00,16:30,Live,500,0,0,0,0
04/07/2025,16:30,17:00,Live,500,0,0,0,0
04/07/2025,17:00,17:30,Live,500,0,0,0,0
04/07/2025,17:30,18:00,Live,500,0,0,0,0
04/07/2025,18:00,18:30,Live,500,0,0,0,0
04/07/2025,18:30,19:00,Live,500,0,0,0,0
04/07/2025,19:00,19:30,Live,500,0,0,0,0
04/07/2025,19:30,20:00,Live,500,0,0,0,0
04/07/2025,20:00,20:30,Live,500,0,0,0,0
04/07/2025,20:30,21:00,Live,500,0,0,0,0
04/07/2025,21:00,21:30,Live,500,0,0,0,0
04/07/2025,21:30,22:00,Live,500,1,49,0.56,27.23
04/07/2025,22:00,22:30,Live,500,1,43.5,0.56,24.23
04/07/2025,22:30,23:00,Live,500,1,35.5,0.53,18.94
01/07/2025,18:00,18:30,Live,500,128,11658.8,102.12,8825.36
01/07/2025,18:30,19:00,Live,500,133.4,12111.7,103.72,9002.54
01/07/2025,19:00,19:30,Live,500,36.4,4274,14.59,1452.53
01/07/2025,19:30,20:00,Live,500,37.8,4393.45,15.82,1558.87
01/07/2025,20:00,20:30,Live,500,34.6,3467.9,16.32,1392.19
01/07/2025,20:30,21:00,Live,500,35,3512.4,16.93,1429.21
01/07/2025,21:00,21:30,Live,500,35.7,2927.55,16.95,1150.53
01/07/2025,21:30,22:00,Live,500,37.5,3019.8,19.67,1290.29
01/07/2025,22:00,22:30,Live,500,33.9,2088.9,16.23,904.05
01/07/2025,22:30,23:00,Live,500,41.2,2468,6.15,343.23
30/06/2025,18:00,18:30,Live,500,138.7,10221.45,106.33,8308.02
30/06/2025,18:30,19:00,Live,500,143.7,10625.6,105.39,8224.91
30/06/2025,19:00,19:30,Live,500,46.5,2894.2,13.39,819.35
30/06/2025,19:30,20:00,Live,500,48,2986,12.98,788.09
30/06/2025,20:00,20:30,Live,500,45.6,2921.05,16.97,1066.54
30/06/2025,20:30,21:00,Live,500,46.7,2981.1,16.37,1026.03
30/06/2025,21:00,21:30,Live,500,45.5,2646.4,15.02,820.7
30/06/2025,21:30,22:00,Live,500,49.2,2831.5,15.03,823.92
30/06/2025,22:00,22:30,Live,500,1,51.5,0.42,21.76
30/06/2025,22:30,23:00,Live,500,1,55,0.41,22.43
27/06/2025,20:00,20:30,Live,500,7.7,384.3,7.14,354.48
27/06/2025,20:30,21:00,Live,500,7.8,390.3,6.37,316.35
27/06/2025,21:00,21:30,Live,500,9.1,434.4,4.85,230.53
27/06/2025,21:30,22:00,Live,500,4,192,4.8,230.19
26/06/2025,18:00,18:30,Live,500,3.7,166,3.8,170.79
26/06/2025,18:30,19:00,Live,500,3.4,153,3.41,153.46
26/06/2025,19:00,19:30,Live,500,5.8,300.1,4.03,199.61
26/06/2025,19:30,20:00,Live,500,6.2,310,4.34,214.5
26/06/2025,20:00,20:30,Live,500,3.6,183.4,3.74,189.01
26/06/2025,20:30,21:00,Live,500,5.9,303.15,4.46,227.21
25/06/2025,18:00,18:30,Live,500,45.4,2768.05,27.47,1611.07
25/06/2025,18:30,19:00,Live,500,43.1,2644.9,26.05,1531.95
25/06/2025,19:00,19:30,Live,500,37,2387.9,23.02,1444.8
25/06/2025,19:30,20:00,Live,500,40.8,2623.25,25.58,1601.24
25/06/2025,20:00,20:30,Live,500,45.6,2919.8,26.59,1656.35
25/06/2025,20:30,21:00,Live,500,43.4,2777.45,18.84,1190.85
24/06/2025,19:00,19:30,Live,500,12.4,667.7,5.38,292.4
24/06/2025,19:30,20:00,Live,500,15,811.15,7.35,400.45
24/06/2025,20:00,20:30,Live,500,15.8,873.2,12.78,705.54
24/06/2025,20:30,21:00,Live,500,14.6,805.3,12.46,687.11
24/06/2025,21:00,21:30,Live,500,12,660,11.85,652.33
24/06/2025,21:30,22:00,Live,500,14.7,808.55,13.25,729.01
23/06/2025,19:00,19:30,Live,500,15.9,645.35,7.27,299.28
23/06/2025,19:30,20:00,Live,500,16.5,670.8,6.34,261.93
23/06/2025,20:00,20:30,Live,500,6.3,268.8,6.14,262.78
23/06/2025,20:30,21:00,Live,500,8.8,375.7,7.33,313.44
22/06/2025,18:00,18:30,Live,500,0,0,0,0
22/06/2025,18:30,19:00,Live,500,0,0,0,0
22/06/2025,19:00,19:30,Live,500,0,0,0,0
22/06/2025,19:30,20:00,Live,500,0,0,0,0
22/06/2025,20:00,20:30,Live,500,0,0,0,0
22/06/2025,20:30,21:00,Live,500,0,0,0,0
22/06/2025,21:00,21:30,Live,500,0,0,0,0
22/06/2025,21:30,22:00,Live,500,0,0,0,0
21/06/2025,18:00,18:30,Live,500,0,0,0,0
21/06/2025,18:30,19:00,Live,500,0,0,0,0
21/06/2025,19:00,19:30,Live,500,0,0,0,0
21/06/2025,19:30,20:00,Live,500,0,0,0,0
21/06/2025,20:00,20:30,Live,500,0,0,0,0
21/06/2025,20:30,21:00,Live,500,0,0,0,0
17/06/2025,19:00,19:30,Live,500,40.8,2700.85,25.82,1655.92
17/06/2025,19:30,20:00,Live,500,41,2720.15,27.76,1796.28
17/06/2025,20:00,20:30,Live,500,37.5,2424.2,24.9,1525.25
17/06/2025,20:30,21:00,Live,500,39.6,2548.95,24.77,1497.65
13/06/2025,18:00,18:30,Live,500,25.4,1360.1,15.5,832.55
13/06/2025,18:30,19:00,Live,500,37.8,2023.1,18.74,1001.47
13/06/2025,19:00,19:30,Live,500,35,1884.95,22.58,1210.49
13/06/2025,19:30,20:00,Live,500,23.3,1261.7,18.06,971.61
10/06/2025,18:00,18:30,Live,500,28.1,1552.95,20.63,1147.53
10/06/2025,18:30,19:00,Live,500,37.3,2066.8,23.14,1285.45
10/06/2025,19:00,19:30,Live,500,31.7,1806.6,21.91,1246.83
10/06/2025,19:30,20:00,Live,500,24.6,1403.05,19.45,1108.56
09/06/2025,19:00,19:30,Live,500,0,0,0,0
09/06/2025,19:30,20:00,Live,500,0,0,0,0
09/06/2025,20:00,20:30,Live,500,0,0,0,0
09/06/2025,20:30,21:00,Live,500,0,0,0,0
07/06/2025,19:00,19:30,Live,400,0,0,0,0
07/06/2025,19:30,20:00,Live,400,0,0,0,0
07/06/2025,20:00,20:30,Live,400,0,0,0,0
07/06/2025,20:30,21:00,Live,400,0,0,0,0
05/06/2025,18:00,18:30,Live,500,5,263,3.49,187.64
05/06/2025,18:30,19:00,Live,500,5,263,2.81,151.25
05/06/2025,19:00,19:30,Live,500,1,60,,
05/06/2025,19:30,20:00,Live,500,1,57.5,,
04/06/2025,20:00,20:30,Live,500,115.5,5228.2,93.5,4216.79
04/06/2025,20:30,21:00,Live,500,26.2,1216.65,11.97,550.3
28/05/2025,20:00,20:30,Live,500,25.9,1445.9,14.88,820.13
28/05/2025,20:30,21:00,Live,500,27.9,1555.6,15.93,875.18
26/05/2025,18:00,18:30,Live,500,0,0,0,0
26/05/2025,18:30,19:00,Live,500,0,0,0,0
20/05/2025,18:00,18:30,Live,300,4,202.5,1.79,91.35
20/05/2025,18:30,19:00,Live,300,4,205,2.32,119.89
20/05/2025,19:00,19:30,Live,500,0,0,0,0
20/05/2025,19:30,20:00,Live,500,0,0,0,0
20/05/2025,20:00,20:30,Live,300,12.3,634.45,11.31,583.47
20/05/2025,20:30,21:00,Live,300,12.9,665.35,9.93,512.36
19/05/2025,18:00,18:30,Live,500,30.3,1779.5,16.7,979.39
19/05/2025,18:30,19:00,Live,500,29.5,1739.25,15.82,932.23
19/05/2025,19:00,19:30,Live,500,27.2,1636.15,20.87,1229.87
19/05/2025,19:30,20:00,Live,500,27.4,1652.65,21.31,1261.17
19/05/2025,20:00,20:30,Live,500,23,1307.3,16.02,851.36
19/05/2025,20:30,21:00,Live,500,22.7,1296.8,13.05,703.69
16/05/2025,20:00,20:30,Live,500,2,104,0,0
16/05/2025,20:30,21:00,Live,500,2,104,0,0
16/05/2025,21:00,21:30,Live,500,37.9,1951.85,0.82,42.13
16/05/2025,21:30,22:00,Live,500,39,2008.5,9.22,475.02
16/05/2025,22:00,22:30,Live,500,0,0,0,0
16/05/2025,22:30,23:00,Live,500,0,0,0,0
15/05/2025,17:00,17:30,Live,300,15.3,708,10.56,478.87
15/05/2025,17:30,18:00,Live,300,13,607,8.32,378.95
15/05/2025,18:00,18:30,Live,300,45.3,2058,13.73,620.14
15/05/2025,18:30,19:00,Live,300,46.3,2105.5,13.42,609.96
15/05/2025,19:00,19:30,Live,300,21.3,1110.1,17.28,903.52
15/05/2025,19:30,20:00,Live,300,19.9,1040.2,15.6,817.89
11/05/2025,18:00,18:30,Live,500,0,0,0,0
11/05/2025,18:30,19:00,Live,500,0,0,0,0
11/05/2025,19:00,19:30,Live,500,0,0,0,0
11/05/2025,19:30,20:00,Live,500,0,0,0,0
11/05/2025,20:00,20:30,Live,500,0,0,0,0
11/05/2025,20:30,21:00,Live,500,0,0,0,0
10/05/2025,18:00,18:30,Live,500,0,0,0,0
10/05/2025,18:30,19:00,Live,500,0,0,0,0
10/05/2025,19:00,19:30,Live,500,0,0,0,0
10/05/2025,19:30,20:00,Live,500,0,0,0,0
10/05/2025,20:00,20:30,Live,500,0,0,0,0
10/05/2025,20:30,21:00,Live,500,0,0,0,0
09/05/2025,18:00,18:30,Live,500,51.8,2322.1,8.18,364.97
09/05/2025,18:30,19:00,Live,500,52.1,2340.45,16.62,745.93
09/05/2025,19:00,19:30,Live,500,19.6,954.5,19.73,960.73
09/05/2025,19:30,20:00,Live,500,18.3,895.4,17.17,838.47
09/05/2025,20:00,20:30,Live,500,14.2,783.85,13.69,755.34
09/05/2025,20:30,21:00,Live,500,15,828.15,13.81,762.38
08/05/2025,17:00,17:30,Live,500,1,45,0.41,18.41
08/05/2025,17:30,18:00,Live,500,0,0,0,0
08/05/2025,18:00,18:30,Live,500,4,200,0.71,35.55
08/05/2025,18:30,19:00,Live,500,10.5,627.5,1.57,83.15
08/05/2025,19:00,19:30,Live,500,7.5,477.5,0.85,47.84
08/05/2025,19:30,20:00,Live,500,7.5,480,0.84,49.17
08/05/2025,20:00,20:30,Live,500,7.5,482.5,0.71,42.79
08/05/2025,20:30,21:00,Live,500,7.5,485,0.66,41.56
07/05/2025,17:00,17:30,Live,500,1,45,0.39,17.39
07/05/2025,17:30,18:00,Live,500,0,0,0,0
07/05/2025,18:00,18:30,Live,500,48.6,2430,16.62,831.01
07/05/2025,18:30,19:00,Live,500,52.8,2650,17.56,887.01
07/05/2025,19:00,19:30,Live,500,24,1336.6,19.92,1106.64
07/05/2025,19:30,20:00,Live,500,20.1,1129.65,16.2,909.83
07/05/2025,20:00,20:30,Live,500,19.7,1153.85,18.33,1073.02
07/05/2025,20:30,21:00,Live,500,22.3,1306.2,20.88,1222.36
07/05/2025,21:00,21:30,Live,500,24.3,1307,22.36,1200.87
07/05/2025,21:30,22:00,Live,500,27.4,1467.4,24.46,1309.38
06/05/2025,17:00,17:30,Live,500,1,45,0.38,17.14
06/05/2025,17:30,18:00,Live,500,0,0,0,0
06/05/2025,18:00,18:30,Live,500,25.9,1378.95,5.87,310.48
06/05/2025,18:30,19:00,Live,500,24.3,1284.9,9.02,482.35
06/05/2025,19:00,19:30,Live,500,22.6,1298.3,18.81,1089.35
06/05/2025,19:30,20:00,Live,500,25.2,1451.85,17.22,998.11
06/05/2025,20:00,20:30,Live,500,21.6,1243.3,18.77,1088.19
06/05/2025,20:30,21:00,Live,500,22.6,1303.3,20,1161.25
29/04/2025,18:00,18:30,Live,500,4,195,2.95,143.73
29/04/2025,18:30,19:00,Live,500,4,200,2.61,130.45
29/04/2025,19:00,19:30,Live,500,4,205,2.61,134.68
29/04/2025,19:30,20:00,Live,500,4,210,2.31,123.75
28/04/2025,17:00,17:30,Live,500,1,40,0.41,16.44
28/04/2025,17:30,18:00,Live,500,1,45,0.55,24.54
28/04/2025,18:00,18:30,Live,500,16.9,881.75,7.94,423.98
28/04/2025,18:30,19:00,Live,500,20.5,1068.4,9.47,503.76
23/04/2025,18:00,18:30,Live,500,42.8,2557.8,8.13,483.67
23/04/2025,18:30,19:00,Live,500,41.3,2473.75,9.67,580.35
23/04/2025,19:00,19:30,Live,500,15.1,914.5,0.81,48.41
23/04/2025,19:30,20:00,Live,500,15.3,927.95,0,0
22/04/2025,18:00,18:30,Live,500,174.7,12177.95,120.82,8822.42
22/04/2025,18:30,19:00,Live,500,175.9,12310.3,124.67,9045.42
22/04/2025,19:00,19:30,Live,500,39.5,2388.95,7.53,485.9
22/04/2025,19:30,20:00,Live,500,41.5,2505.8,7.05,454.9
18/04/2025,19:00,19:30,Live,500,0,0,0,0
18/04/2025,19:30,20:00,Live,500,0,0,0,0
18/04/2025,20:00,20:30,Live,500,0,0,0,0
18/04/2025,20:30,21:00,Live,500,0,0,0,0
18/04/2025,21:00,21:30,Live,500,0,0,0,0
18/04/2025,21:30,22:00,Live,500,0,0,0,0
16/04/2025,19:00,19:30,Live,500,4,189,1.81,83.64
16/04/2025,19:30,20:00,Live,500,4,196.5,1.94,94.86
16/04/2025,21:00,21:30,Live,500,0,0,0,0
16/04/2025,21:30,22:00,Live,500,1,40,0.43,17.13
15/04/2025,17:00,17:30,Live,500,0,0,0,0
15/04/2025,17:30,18:00,Live,500,0,0,0,0
15/04/2025,18:00,18:30,Live,500,0,0,0,0
15/04/2025,18:30,19:00,Live,500,0,0,0,0
15/04/2025,19:00,19:30,Live,500,0,0,0,0
15/04/2025,19:30,20:00,Live,500,0,0,0,0
15/04/2025,20:00,20:30,Live,500,0,0,0,0
15/04/2025,20:30,21:00,Live,500,0,0,0,0
14/04/2025,17:00,17:30,Live,500,1,45,0.33,17.06
14/04/2025,17:30,18:00,Live,500,0,0,0,0
14/04/2025,18:00,18:30,Live,500,0,0,0,0
14/04/2025,18:30,19:00,Live,500,0,0,0,0
14/04/2025,19:00,19:30,Live,500,0,0,0,0
14/04/2025,19:30,20:00,Live,500,0,0,0,0
10/04/2025,17:00,17:30,Live,500,0,0,0,0
10/04/2025,17:30,18:00,Live,500,0,0,0,0
10/04/2025,18:00,18:30,Live,500,36.9,1920.1,7.12,397.93
10/04/2025,18:30,19:00,Live,500,32.1,1669.75,6.45,357.08
10/04/2025,19:00,19:30,Live,500,26.5,1446.7,8.3,431.41
10/04/2025,19:30,20:00,Live,500,26.3,1439.65,12.03,624.68
10/04/2025,20:00,20:30,Live,500,28.5,1466.05,0,0
10/04/2025,20:30,21:00,Live,500,25.1,1290.05,0,0
09/04/2025,18:00,18:30,Live,200,35.5,1901.6,6.64,376.24
09/04/2025,18:30,19:00,Live,200,30.6,1638.55,6.43,361.02
09/04/2025,19:00,19:30,Live,200,25,1386.8,0.81,42.92
09/04/2025,19:30,20:00,Live,200,22.8,1265.7,0.6,31.79
07/04/2025,19:00,19:30,Live,500,27.7,1789.2,13.45,731.32
07/04/2025,19:30,20:00,Live,500,22.7,1463.65,10.28,561.84
07/04/2025,20:00,20:30,Live,500,22.1,1203.75,1.46,81.17
07/04/2025,20:30,21:00,Live,500,18.7,1022,1.38,76.75
04/04/2025,16:00,16:30,Live,500,0,0,0,0
04/04/2025,16:30,17:00,Live,500,0,0,0,0
04/04/2025,17:00,17:30,Live,500,0,0,0,0
04/04/2025,17:30,18:00,Live,500,0,0,0,0
04/04/2025,18:00,18:30,Live,500,10.6,607.7,9.53,547.1
04/04/2025,18:30,19:00,Live,500,9.2,527.15,6.51,373.91
01/04/2025,17:00,17:30,Live,500,0,0,0,0
01/04/2025,17:30,18:00,Live,500,0,0,0,0
01/04/2025,18:00,18:30,Live,500,0,0,0,0
01/04/2025,18:30,19:00,Live,500,0,0,0,0
31/03/2025,17:00,17:30,Live,500,6.9,368.15,8.3,441.8
31/03/2025,17:30,18:00,Live,500,6.6,352.7,7.9,423.2
31/03/2025,18:00,18:30,Live,500,2.2,134.5,2.3,141.6
31/03/2025,18:30,19:00,Live,500,2.2,134.5,2.3,140
28/03/2025,18:00,18:30,Live,500,11.7,752.5,8,525.5
28/03/2025,18:30,19:00,Live,500,11.5,750,7.8,521.9
26/03/2025,16:00,16:30,Live,300,7.3,475.25,3.9,248.2
26/03/2025,16:30,17:00,Live,300,7.3,475.25,5.6,361.5
26/03/2025,17:00,17:30,Live,300,12.3,810.25,9.4,602.7
26/03/2025,17:30,18:00,Live,300,12.3,812.75,9.7,621.5
26/03/2025,18:00,18:30,Live,300,12.3,806.25,9.1,570
26/03/2025,18:30,19:00,Live,300,12.3,811.25,7.8,484.3
25/03/2025,16:00,16:30,Live,500,22.6,1183.5,17.5,910.6
25/03/2025,16:30,17:00,Live,500,32.4,1651.5,26.2,1328.6
25/03/2025,17:00,17:30,Live,500,23.7,1370.25,22.8,1316.7
25/03/2025,17:30,18:00,Live,500,18.5,1076.75,16.9,985.5
25/03/2025,18:00,18:30,Live,500,16.1,1074.75,13.4,893.4
25/03/2025,18:30,19:00,Live,500,16.1,1074.75,13.3,887.4
19/03/2025,16:00,16:30,Live,500,52.2,2741.7,39.9,2086.6
19/03/2025,16:30,17:00,Live,500,46.6,2453.05,36.8,1936.6
19/03/2025,17:00,17:30,Live,500,52.1,3738.2,45.7,3230.7
19/03/2025,17:30,18:00,Live,500,44.4,3210.8,36.2,2597.3
19/03/2025,18:00,18:30,Live,500,185.6,14910.2,184.8,14854.6
19/03/2025,18:30,19:00,Live,500,187.3,15047.95,182.4,14653.3
18/03/2025,18:00,18:30,Live,300,32.2,2094.8,25.2,1632.9
18/03/2025,18:30,19:00,Live,300,31.8,2068.8,20.1,1300.7
17/03/2025,17:00,17:30,Live,100,49.2,3283.85,19.1,1257.4
17/03/2025,17:30,18:00,Live,100,42.5,2842.5,24.6,1638.7
17/03/2025,18:00,18:30,Live,500,49.8,3530.85,18.3,1289.5
17/03/2025,18:30,19:00,Live,500,54,3827,14.6,1031.7
14/03/2025,16:00,16:30,Live,500,38.4,2181.1,34.7,1971.1
14/03/2025,16:30,17:00,Live,500,39.5,2247.95,37.7,2147.6
14/03/2025,17:00,17:30,Live,500,46.2,3044.7,29.5,1944.6
14/03/2025,17:30,18:00,Live,500,38.5,2540,22.4,1476.9
14/03/2025,18:00,18:30,Live,500,16.3,1100.25,8.2,556.2
14/03/2025,18:30,19:00,Live,500,17.3,1165.25,8.9,595.8
13/03/2025,16:00,16:30,Live,500,49.3,2942.4,43.4,2587.9
13/03/2025,16:30,17:00,Live,500,47.1,2812.1,41.2,2462.8
13/03/2025,17:00,17:30,Live,500,49.8,3565.5,39.2,2813.8
13/03/2025,17:30,18:00,Live,500,48.5,3466.7,35.1,2519.1
13/03/2025,18:00,18:30,Live,500,52,3939,44.4,3374
13/03/2025,18:30,19:00,Live,500,52.1,3936.35,43.7,3305.1
12/03/2025,16:00,16:30,Live,500,24.4,1227.5,22,1107.1
12/03/2025,16:30,17:00,Live,500,28.5,1435,19,958.6
12/03/2025,17:00,17:30,Live,500,54.8,3482.75,33.3,2104.9
12/03/2025,17:30,18:00,Live,500,48.3,3081.5,30.3,1927.4
12/03/2025,18:00,18:30,Live,500,195.5,15096.2,166.6,13028.8
12/03/2025,18:30,19:00,Live,500,196.7,15184.7,165.5,12919.7
11/03/2025,16:00,16:30,Live,500,43.9,2202.5,13.7,691.7
11/03/2025,16:30,17:00,Live,500,47.3,2372.5,8.3,423.2
11/03/2025,17:00,17:30,Live,500,43.5,2590,21.1,1249.3
11/03/2025,17:30,18:00,Live,500,40.2,2402.35,22.9,1369.6
11/03/2025,18:00,18:30,Live,500,22.8,1484.6,16.8,1095.1
11/03/2025,18:30,19:00,Live,500,22.9,1492.45,14.7,952
10/03/2025,17:00,17:30,Live,500,28.2,1503.4,14,755.3
10/03/2025,17:30,18:00,Live,500,30.4,1612.4,20.7,1099.6
10/03/2025,18:00,18:30,Live,500,29.2,1732.1,21.6,1280.2
10/03/2025,18:30,19:00,Live,500,29.6,1750.4,20.1,1188
07/03/2025,17:00,17:30,Live,500,1,57.5,1.2,67.4
07/03/2025,17:30,18:00,Live,500,0,0,0,0
07/03/2025,18:00,18:30,Live,500,27.4,1572.1,25.4,1455.7
07/03/2025,18:30,19:00,Live,500,28.2,1617.48,25.1,1439.1
06/03/2025,16:00,16:30,Live,500,56,2860,49.7,2553.9
06/03/2025,16:30,17:00,Live,500,54.8,2790,43.7,2246.5
06/03/2025,17:00,17:30,Live,500,53.8,3032.55,37,2096.7
06/03/2025,17:30,18:00,Live,500,51.4,2898.45,31.5,1789.9
06/03/2025,18:00,18:30,Live,500,51.5,3020.1,31.9,1878.9
06/03/2025,18:30,19:00,Live,500,52,3048.75,33.2,1953.2
05/03/2025,16:00,16:30,Live,500,9.3,709,6.2,462.1
05/03/2025,16:30,17:00,Live,500,9.3,709,7.3,549.1
05/03/2025,17:00,17:30,Live,500,9.3,709,6.4,472.4
05/03/2025,17:30,18:00,Live,500,9.3,709,5,365.7
05/03/2025,18:00,18:30,Live,500,160.8,12829,173,13801.6
05/03/2025,18:30,19:00,Live,500,159.8,12749,178.8,14265
04/03/2025,16:00,16:30,Live,500,1,57.5,0.4,21.8
04/03/2025,16:30,17:00,Live,500,0,0,0,0
04/03/2025,17:00,17:30,Live,500,4,265,2.9,191.2
04/03/2025,17:30,18:00,Live,500,4,265,2.9,189
04/03/2025,18:00,18:30,Live,500,173.9,13862,163.3,13026.8
04/03/2025,18:30,19:00,Live,500,172.9,13787,190.2,15176.9
03/03/2025,16:00,16:30,Live,500,7.8,460.75,5.6,339.8
03/03/2025,16:30,17:00,Live,500,6.8,395.75,4.4,268.8
03/03/2025,17:00,17:30,Live,500,10.8,673.25,8.2,535
03/03/2025,17:30,18:00,Live,500,10.8,673.25,7.4,493.8
03/03/2025,18:00,18:30,Live,500,159.8,12667.75,160.9,12842.6
03/03/2025,18:30,19:00,Live,500,158.9,12600.3,171.3,13676.1
02/03/2025,16:00,16:30,Live,500,0,0,0,0
02/03/2025,16:30,17:00,Live,500,0,0,0,0
02/03/2025,17:00,17:30,Live,500,6.3,378,2.1,124.9
02/03/2025,17:30,18:00,Live,500,6.3,378,2.3,136.7
02/03/2025,18:00,18:30,Live,500,7.3,440.5,2.5,150.3
02/03/2025,18:30,19:00,Live,500,7.3,440.5,3,177.4
28/02/2025,16:00,16:30,Live,500,6.3,378,4.9,296
28/02/2025,16:30,17:00,Live,500,6.3,378,3.6,216
28/02/2025,17:00,17:30,Live,500,7.3,443,3.6,216
28/02/2025,17:30,18:00,Live,500,7.3,443,3.6,216
28/02/2025,18:00,18:30,Live,500,7.3,443,3.6,216
28/02/2025,18:30,19:00,Live,500,7.3,443,3.6,216
25/02/2025,16:00,16:30,Live,500,43.9,2569.5,26,1450.1
25/02/2025,16:30,17:00,Live,500,43.9,2574.5,40.5,2247.5
25/02/2025,17:00,17:30,Live,500,43.9,2690.45,32.3,1901.4
25/02/2025,17:30,18:00,Live,500,181.1,13666.45,198.5,15151.5
25/02/2025,18:00,18:30,Live,500,185.6,14438.55,203.7,15921.8
25/02/2025,18:30,19:00,Live,500,43.9,3107.55,37.4,2615.2
24/02/2025,16:00,16:30,Live,500,8.2,593.9,1.6,105.2
24/02/2025,16:30,17:00,Live,500,8.2,593.9,0.9,53.5
24/02/2025,17:00,17:30,Live,500,8.2,596.4,1,62.2
24/02/2025,17:30,18:00,Live,500,8.2,596.4,1,62.5
24/02/2025,18:00,18:30,Live,500,8.2,601.4,1,63.9
24/02/2025,18:30,19:00,Live,500,8.2,596.4,0.9,53.1
23/02/2025,16:00,16:30,Live,500,0,0,0,0
23/02/2025,16:30,17:00,Live,500,0,0,0,0
23/02/2025,17:00,17:30,Live,500,0,0,0,0
23/02/2025,17:30,18:00,Live,500,0,0,0,0
23/02/2025,18:00,18:30,Live,500,0,0,0,0
23/02/2025,18:30,19:00,Live,500,0,0,0,0
20/02/2025,16:00,16:30,Live,500,38.4,2057,12.9,687.1
20/02/2025,16:30,17:00,Live,500,38.4,2289.5,13.2,796.5
20/02/2025,17:00,17:30,Live,500,38.4,2292,17.9,1081.3
20/02/2025,17:30,18:00,Live,500,38.4,2292,17.8,1073.9
20/02/2025,18:00,18:30,Live,500,38.4,2297,15.5,939.7
20/02/2025,18:30,19:00,Live,500,38.4,2292,15.8,950.6
19/02/2025,16:00,16:30,Live,500,0,0,0,0
19/02/2025,16:30,17:00,Live,500,0,0,0,0
19/02/2025,17:00,17:30,Live,500,44.4,2745.5,28.3,1810.3
19/02/2025,17:30,18:00,Live,500,44.4,2750.5,29.2,1862.2
19/02/2025,18:00,18:30,Live,500,44.4,2755.5,28.7,1833.4
19/02/2025,18:30,19:00,Live,500,43.4,2690.5,29.3,1869.1
18/02/2025,16:00,16:30,Live,300,48.9,3054.8,24.3,1403.1
18/02/2025,16:30,17:00,Live,300,48.9,3057.3,20.7,1248.2
18/02/2025,17:00,17:30,Live,500,174.9,13458.8,171.5,13416.1
18/02/2025,17:30,18:00,Live,500,185.6,14319.8,180.6,14162.9
17/02/2025,17:00,17:30,Live,500,52.1,3826.8,29.1,2091.5
17/02/2025,17:30,18:00,Live,500,188.8,14762.8,173.9,13706.2
17/02/2025,18:00,18:30,Live,500,192.8,15077.8,175.9,13859.5
17/02/2025,18:30,19:00,Live,500,52.1,3821.8,26.9,1923.8
14/02/2025,16:00,16:30,Live,500,15.7,1084.5,2.1,128.8
14/02/2025,16:30,17:00,Live,500,15.7,1084.5,2.2,135.9
14/02/2025,17:00,17:30,Live,500,15.7,1084.5,2.1,131.9
14/02/2025,17:30,18:00,Live,500,15.7,1084.5,2,127.4
14/02/2025,18:00,18:30,Live,500,1.3,71.5,0.7,38
14/02/2025,18:30,19:00,Live,500,1.3,71.5,0.8,44.7
12/02/2025,16:00,16:30,Live,300,56.4,3894.3,26.5,1807.4
12/02/2025,16:30,17:00,Live,300,56.4,3889.3,23.9,1631.4
12/02/2025,17:00,17:30,Live,300,56.4,4289.3,22.1,1709.2
12/02/2025,17:30,18:00,Live,300,190.2,14324.3,152.7,11498.4
12/02/2025,18:00,18:30,Live,300,193.3,14551.8,155.8,11724.2
12/02/2025,18:30,19:00,Live,300,56.4,4284.3,21.1,1637.2
11/02/2025,17:00,17:30,Live,200,41,2971,26.5,1926.5
11/02/2025,17:30,18:00,Live,200,41,2971,22.5,1624
11/02/2025,18:00,18:30,Live,200,41,2971,21.7,1572
11/02/2025,18:30,19:00,Live,200,41,2966,27.1,1966.5
09/02/2025,16:00,16:30,Live,400,0,0,0,0
09/02/2025,16:30,17:00,Live,400,0,0,0,0
09/02/2025,17:00,17:30,Live,400,0,0,0,0
09/02/2025,17:30,18:00,Live,400,0,0,0,0
09/02/2025,18:00,18:30,Live,500,0,0,0,0
09/02/2025,18:30,19:00,Live,500,0,0,0,0
06/02/2025,16:00,16:30,Live,500,38.4,2590.8,18.9,1198.8
06/02/2025,16:30,17:00,Live,500,53.4,3546.3,17.1,1078.3
06/02/2025,17:00,17:30,Live,500,54.4,3817.3,22.6,1564.3
06/02/2025,17:30,18:00,Live,500,54.4,3817.3,21.8,1506.2
06/02/2025,18:00,18:30,Live,500,54.4,3669.3,21,1362.2
06/02/2025,18:30,19:00,Live,500,54.4,3664.3,21.5,1388.6
05/02/2025,16:00,16:30,Live,500,41,2676,20.6,1354.3
05/02/2025,16:30,17:00,Live,500,41,2671,34.6,2261.4
05/02/2025,17:00,17:30,Live,500,54.4,4339.5,28.5,2200.1
05/02/2025,17:30,18:00,Live,500,54.4,4334.5,27.3,2100.6
05/02/2025,18:00,18:30,Live,500,54.4,4238.5,27.9,2081.9
05/02/2025,18:30,19:00,Live,500,54.4,4233.5,30.5,2267.7
03/02/2025,16:00,16:30,Live,500,41,2656,14.1,899.4
03/02/2025,16:30,17:00,Live,500,41,2656,9.4,598.8
03/02/2025,17:00,17:30,Live,500,41,2861,10.1,696.4
03/02/2025,17:30,18:00,Live,500,41,2861,11.1,760.6
03/02/2025,18:00,18:30,Live,500,41,2757,7.9,520.5
03/02/2025,18:30,19:00,Live,500,41,2757,8.1,535.5
02/02/2025,16:00,16:30,Live,500,0,0,0,0
02/02/2025,16:30,17:00,Live,500,0,0,0,0
02/02/2025,17:00,17:30,Live,500,0,0,0,0
02/02/2025,17:30,18:00,Live,500,0,0,0,0
02/02/2025,18:00,18:30,Live,500,0,0,0,0
02/02/2025,18:30,19:00,Live,500,0,0,0,0
29/01/2025,16:00,16:30,Live,500,41,2148,23.4,1232.7
29/01/2025,16:30,17:00,Live,500,41,2148,23.5,1245.6
29/01/2025,17:00,17:30,Live,500,41,2365,21.1,1231.7
29/01/2025,17:30,18:00,Live,500,41,2365,21,1223.6
23/01/2025,16:00,16:30,Live,400,50,2750,28.8,1438.5
23/01/2025,16:30,17:00,Live,400,50,2750,31.2,1558.8
23/01/2025,17:00,17:30,Live,400,50,2894,27.3,1474.5
23/01/2025,17:30,18:00,Live,400,50,2894,26,1403.4
23/01/2025,18:00,18:30,Live,400,10,750,0,0
23/01/2025,18:30,19:00,Live,400,10,750,0,0
22/01/2025,16:00,16:30,Live,500,64.3,17992,45,12141
22/01/2025,16:30,17:00,Live,500,175.6,56976,154.3,50315.4
22/01/2025,17:00,17:30,Live,500,187.8,65207,155.2,54027
22/01/2025,17:30,18:00,Live,500,61.9,21041,28.9,9818.6
22/01/2025,18:00,18:30,Live,500,60.8,18649,35,10522
22/01/2025,18:30,19:00,Live,500,57.3,17795,40.4,12330.3
21/01/2025,16:00,16:30,Live,500,48,6261.5,37.8,4482
21/01/2025,16:30,17:00,Live,500,48,6261.5,34.5,4095.7
21/01/2025,17:00,17:30,Live,500,48,8225,29.7,5051.6
21/01/2025,17:30,18:00,Live,500,182.6,28347.7,152.4,23366.8
21/01/2025,18:00,18:30,Live,500,184.7,28661.65,152.2,23292.7
21/01/2025,18:30,19:00,Live,500,48,8225,30,5114.6
20/01/2025,16:00,16:30,Live,500,39,6159.5,32.4,5199.6
20/01/2025,16:30,17:00,Live,500,39,6159.5,30.2,4825.1
20/01/2025,17:00,17:30,Live,500,1,100,0,0
20/01/2025,17:30,18:00,Live,500,1,100,0,0
20/01/2025,18:00,18:30,Live,500,38,5715,26.4,4025.9
20/01/2025,18:30,19:00,Live,500,38,5715,31.9,4864.5
17/01/2025,16:00,16:30,Live,500,1,75,0.6,48.2
17/01/2025,16:30,17:00,Live,500,1,75,0.7,53.2
17/01/2025,18:00,18:30,Live,500,1,60,0.7,44.2
17/01/2025,18:30,19:00,Live,500,1,60,0.7,41.5
14/01/2025,17:00,17:30,Live,300,53,4255,21.5,1730.7
14/01/2025,17:30,18:00,Live,300,54,4345,19.9,1595.6
14/01/2025,18:00,18:30,Live,300,53,4263,15.9,1262.8
14/01/2025,18:30,19:00,Live,300,53.5,4301,19.9,1591.7
10/01/2025,16:00,16:30,Live,500,0,0,0,0
10/01/2025,16:30,17:00,Live,500,0,0,0,0
10/01/2025,17:00,17:30,Live,500,0,0,0,0
10/01/2025,17:30,18:00,Live,500,0,0,0,0
10/01/2025,18:00,18:30,Live,500,0,0,0,0
10/01/2025,18:30,19:00,Live,500,0,0,0,0
08/01/2025,16:00,16:30,Live,500,98.6,20931.75,38,10551.8
08/01/2025,16:30,17:00,Live,500,98.6,21009.25,38.2,10472.6
08/01/2025,17:00,17:30,Live,500,181,59516.25,138.7,56713.4
08/01/2025,17:30,18:00,Live,500,184,60866.25,142.7,58305.9
08/01/2025,18:00,18:30,Live,500,92.7,19141.5,35.3,8980.8
08/01/2025,18:30,19:00,Live,500,91.7,18694,39.8,9526
05/01/2025,16:00,16:30,Live,150,0,0,0,0
05/01/2025,16:30,17:00,Live,150,0,0,0,0
05/01/2025,17:00,17:30,Live,150,0,0,0,0
05/01/2025,17:30,18:00,Live,150,0,0,0,0
30/12/2024,16:00,16:30,Live,500,0,0,0,0
30/12/2024,16:30,17:00,Live,500,0,0,0,0
30/12/2024,17:00,17:30,Live,500,0,0,0,0
30/12/2024,17:30,18:00,Live,500,0,0,0,0
30/12/2024,18:00,18:30,Live,500,0,0,0,0
30/12/2024,18:30,19:00,Live,500,0,0,0,0
29/12/2024,16:00,16:30,Live,400,0,0,0,0
29/12/2024,16:30,17:00,Live,400,0,0,0,0
29/12/2024,17:00,17:30,Live,400,0,0,0,0
29/12/2024,17:30,18:00,Live,400,0,0,0,0
29/12/2024,18:00,18:30,Live,400,0,0,0,0
29/12/2024,18:30,19:00,Live,400,0,0,0,0
27/12/2024,17:00,17:30,Live,300,30,1669,16.3,912
27/12/2024,17:30,18:00,Live,300,30,1694,14.3,797.4
27/12/2024,18:00,18:30,Live,300,29,1567,14.6,782.6
27/12/2024,18:30,19:00,Live,300,29,1567,17.3,926.8
13/12/2024,16:00,16:30,Live,500,0,0,0,0
13/12/2024,16:30,17:00,Live,500,0,0,0,0
13/12/2024,17:00,17:30,Live,100,0,0,0,0
13/12/2024,17:30,18:00,Live,100,0,0,0,0
12/12/2024,16:00,16:30,Live,500,44,10589.5,20.3,5612.5
12/12/2024,16:30,17:00,Live,500,43,10343.5,19.2,5302.1
12/12/2024,17:00,17:30,Live,500,28,6112.5,5.9,1560.1
12/12/2024,17:30,18:00,Live,500,28,6112.5,5.7,1500.4
12/12/2024,18:00,18:30,Live,300,0,0,0,0
12/12/2024,18:30,19:00,Live,300,0,0,0,0
11/12/2024,16:00,16:30,Live,500,34.5,8016,29.8,6810.9
11/12/2024,16:30,17:00,Live,500,36,8361.25,27.9,6271.7
11/12/2024,17:00,17:30,Live,500,28,6122.75,23.5,5121.3
11/12/2024,17:30,18:00,Live,500,28,6122.75,24.6,5323.9
11/12/2024,18:00,18:30,Live,500,111.4,37702.5,126.2,43487
11/12/2024,18:30,19:00,Live,500,111.1,37297.75,124.5,42777.6
10/12/2024,16:00,16:30,Live,500,1,75,0,0
10/12/2024,16:30,17:00,Live,500,1,75,0,0
10/12/2024,17:00,17:30,Live,500,1,75,0,0
10/12/2024,17:30,18:00,Live,500,1,50,0,0
10/12/2024,18:00,18:30,Live,500,1,50,0,0
10/12/2024,18:30,19:00,Live,500,1,50,0,0
09/12/2024,16:00,16:30,Live,500,1,75,0,0
09/12/2024,16:30,17:00,Live,500,1,75,0,0
09/12/2024,17:00,17:30,Live,500,1,75,0,0
09/12/2024,17:30,18:00,Live,500,1,50,0,0
09/12/2024,18:00,18:30,Live,500,1,50,0,0
09/12/2024,18:30,19:00,Live,500,1,45,0,0
06/12/2024,16:00,16:30,Live,500,0,0,0,0
06/12/2024,16:30,17:00,Live,500,0,0,0,0
06/12/2024,17:00,17:30,Live,500,0,0,0,0
06/12/2024,17:30,18:00,Live,500,0,0,0,0
06/12/2024,18:00,18:30,Live,500,0,0,0,0
06/12/2024,18:30,19:00,Live,500,0,0,0,0
04/12/2024,16:00,16:30,Live,500,0,0,0,0
04/12/2024,16:30,17:00,Live,500,0,0,0,0
04/12/2024,17:00,17:30,Live,500,0,0,0,0
04/12/2024,17:30,18:00,Live,500,0,0,0,0
04/12/2024,18:00,18:30,Live,500,0,0,0,0
04/12/2024,18:30,19:00,Live,500,0,0,0,0
03/12/2024,16:00,16:30,Live,500,12,3360,7.8,2200.2
03/12/2024,16:30,17:00,Live,500,11,3074,6.5,1809.9
03/12/2024,17:00,17:30,Live,500,2,500,1.1,277.8
03/12/2024,17:30,18:00,Live,500,2,500,1.1,271.4
03/12/2024,18:00,18:30,Live,500,2,500,1.5,383.6
03/12/2024,18:30,19:00,Live,500,2,500,1.5,374.2
02/12/2024,16:00,16:30,Live,500,0,0,0,0
02/12/2024,16:30,17:00,Live,500,0,0,0,0
02/12/2024,17:00,17:30,Live,500,0,0,0,0
02/12/2024,17:30,18:00,Live,500,0,0,0,0
02/12/2024,18:00,18:30,Live,500,0,0,0,0
02/12/2024,18:30,19:00,Live,500,0,0,0,0
29/11/2024,16:00,16:30,Live,500,0,0,0,0
29/11/2024,16:30,17:00,Live,500,0,0,0,0
29/11/2024,17:00,17:30,Live,500,0,0,0,0
29/11/2024,17:30,18:00,Live,500,0,0,0,0
29/11/2024,18:00,18:30,Live,500,0,0,0,0
29/11/2024,18:30,19:00,Live,500,0,0,0,0
