Event ID,Event Type,Event Tag,Delivery Date,From_Local,To_Local,From_UTC,To_UTC,Service Requirement Type,Service Requirement MW,DFS Procured MW,DFS Provider Bids Accepted Total Cost GBP,Settled Volume MW,Settled Cost GBP
136,Downwards,Energy,29/09/2026,18:00,18:30,17:00,17:30,Live,500,5.8,562.48,,
136,Downwards,Energy,29/09/2026,18:30,19:00,17:30,18:00,Live,500,5.6,541.63,,
136,Downwards,Energy,29/09/2026,19:00,19:30,18:00,18:30,Live,500,0.1,7.5,,
136,Downwards,Energy,29/09/2026,19:30,20:00,18:30,19:00,Live,500,0.1,7.5,,
136,Downwards,Energy,29/09/2026,20:00,20:30,19:00,19:30,Live,500,0.0,0.0,,
136,Downwards,Energy,29/09/2026,20:30,21:00,19:30,20:00,Live,500,0.1,8.01,,
135,Downwards,Energy,28/09/2026,16:00,16:30,15:00,15:30,Live,500,49.7,4452.28,,
135,Downwards,Energy,28/09/2026,16:30,17:00,15:30,16:00,Live,500,42.3,3812.78,,
135,Downwards,Energy,28/09/2026,17:00,17:30,16:00,16:30,Live,500,46.7,5444.31,,
135,Downwards,Energy,28/09/2026,17:30,18:00,16:30,17:00,Live,500,47.4,5540.57,,
135,Downwards,Energy,28/09/2026,18:00,18:30,17:00,17:30,Live,500,171.3,18973.09,,
135,Downwards,Energy,28/09/2026,18:30,19:00,17:30,18:00,Live,500,177.8,19932.09,,
135,Downwards,Energy,28/09/2026,19:00,19:30,18:00,18:30,Live,500,46.2,5429.46,,
135,Downwards,Energy,28/09/2026,19:30,20:00,18:30,19:00,Live,500,47.1,5530.35,,
135,Downwards,Energy,28/09/2026,20:00,20:30,19:00,19:30,Live,500,39.0,3716.93,,
135,Downwards,Energy,28/09/2026,20:30,21:00,19:30,20:00,Live,500,17.2,1650.49,,
134,Downwards,Energy,27/09/2026,16:00,16:30,15:00,15:30,Live,500,0.1,3.63,,
134,Downwards,Energy,27/09/2026,16:30,17:00,15:30,16:00,Live,500,0.1,4.33,,
134,Downwards,Energy,27/09/2026,17:00,17:30,16:00,16:30,Live,500,2.4,199.77,,
134,Downwards,Energy,27/09/2026,17:30,18:00,16:30,17:00,Live,500,2.4,210.7,,
134,Downwards,Energy,27/09/2026,18:00,18:30,17:00,17:30,Live,500,2.2,201.54,,
134,Downwards,Energy,27/09/2026,18:30,19:00,17:30,18:00,Live,500,2.1,194.5,,
134,Downwards,Energy,27/09/2026,19:00,19:30,18:00,18:30,Live,500,0.0,0.0,,
134,Downwards,Energy,27/09/2026,19:30,20:00,18:30,19:00,Live,500,0.0,0.0,,
134,Downwards,Energy,27/09/2026,20:00,20:30,19:00,19:30,Live,500,0.0,0.0,,
134,Downwards,Energy,27/09/2026,20:30,21:00,19:30,20:00,Live,500,1.8,155.08,,
134,Downwards,Energy,27/09/2026,21:00,21:30,20:00,20:30,Live,500,1.8,155.31,,
134,Downwards,Energy,27/09/2026,21:30,22:00,20:30,21:00,Live,500,1.8,150.15,,
133,Downwards,Energy,26/09/2026,18:00,18:30,17:00,17:30,Live,500,2.0,191.11,,
133,Downwards,Energy,26/09/2026,18:30,19:00,17:30,18:00,Live,500,2.0,193.88,,
133,Downwards,Energy,26/09/2026,19:00,19:30,18:00,18:30,Live,500,1.9,183.73,,
133,Downwards,Energy,26/09/2026,19:30,20:00,18:30,19:00,Live,500,1.9,180.14,,
133,Downwards,Energy,26/09/2026,20:00,20:30,19:00,19:30,Live,500,1.6,151.01,,
133,Downwards,Energy,26/09/2026,20:30,21:00,19:30,20:00,Live,500,1.6,144.45,,
133,Downwards,Energy,26/09/2026,21:00,21:30,20:00,20:30,Live,500,1.5,135.57,,
133,Downwards,Energy,26/09/2026,21:30,22:00,20:30,21:00,Live,500,1.6,137.18,,
133,Downwards,Energy,26/09/2026,22:00,22:30,21:00,21:30,Live,500,1.4,117.59,,
133,Downwards,Energy,26/09/2026,22:30,23:00,21:30,22:00,Live,500,1.3,108.1,,
132,Downwards,Energy,25/09/2026,16:00,16:30,15:00,15:30,Live,500,19.1,1677.42,,
132,Downwards,Energy,25/09/2026,16:30,17:00,15:30,16:00,Live,500,28.4,2501.14,,
132,Downwards,Energy,25/09/2026,17:00,17:30,16:00,16:30,Live,500,41.3,4498.03,,
132,Downwards,Energy,25/09/2026,17:30,18:00,16:30,17:00,Live,500,40.9,4462.81,,
132,Downwards,Energy,25/09/2026,18:00,18:30,17:00,17:30,Live,500,143.6,15562.28,,
132,Downwards,Energy,25/09/2026,18:30,19:00,17:30,18:00,Live,500,144.7,15651.88,,
132,Downwards,Energy,25/09/2026,19:00,19:30,18:00,18:30,Live,500,31.7,3510.59,,
132,Downwards,Energy,25/09/2026,19:30,20:00,18:30,19:00,Live,500,29.4,3253.67,,
132,Downwards,Energy,25/09/2026,20:00,20:30,19:00,19:30,Live,500,20.1,2073.21,,
132,Downwards,Energy,25/09/2026,20:30,21:00,19:30,20:00,Live,500,10.9,1118.53,,
132,Downwards,Energy,25/09/2026,21:00,21:30,20:00,20:30,Live,500,7.7,716.36,,
132,Downwards,Energy,25/09/2026,21:30,22:00,20:30,21:00,Live,500,4.4,404.02,,
132,Downwards,Energy,25/09/2026,22:00,22:30,21:00,21:30,Live,500,1.7,149.96,,
132,Downwards,Energy,25/09/2026,22:30,23:00,21:30,22:00,Live,500,1.6,137.41,,
131,Downwards,Energy,24/09/2026,16:00,16:30,15:00,15:30,Live,500,2,169.44,,
131,Downwards,Energy,24/09/2026,16:30,17:00,15:30,16:00,Live,500,2.1,175.64,,
131,Downwards,Energy,24/09/2026,17:00,17:30,16:00,16:30,Live,500,0.4,34.79,,
131,Downwards,Energy,24/09/2026,17:30,18:00,16:30,17:00,Live,500,0.4,35.8,,
131,Downwards,Energy,24/09/2026,18:00,18:30,17:00,17:30,Live,500,97,9261.55,,
131,Downwards,Energy,24/09/2026,18:30,19:00,17:30,18:00,Live,500,100.2,9572.01,,
131,Downwards,Energy,24/09/2026,19:00,19:30,18:00,18:30,Live,500,5,481.48,,
131,Downwards,Energy,24/09/2026,19:30,20:00,18:30,19:00,Live,500,5,484.3,,
131,Downwards,Energy,24/09/2026,20:00,20:30,19:00,19:30,Live,500,0.2,20.2,,
131,Downwards,Energy,24/09/2026,20:30,21:00,19:30,20:00,Live,500,1.8,174.84,,
131,Downwards,Energy,24/09/2026,21:00,21:30,20:00,20:30,Live,500,3.6,338.89,,
131,Downwards,Energy,24/09/2026,21:30,22:00,20:30,21:00,Live,500,3.6,323.61,,
130,Downwards,Energy,22/09/2026,17:00,17:30,16:00,16:30,Live,500,53.5,8265.29,,
130,Downwards,Energy,22/09/2026,17:30,18:00,16:30,17:00,Live,500,50.5,7818.6,,
130,Downwards,Energy,22/09/2026,18:00,18:30,17:00,17:30,Live,500,179,22635.89,,
130,Downwards,Energy,22/09/2026,18:30,19:00,17:30,18:00,Live,500,177.2,22099.36,,
130,Downwards,Energy,22/09/2026,19:00,19:30,18:00,18:30,Live,500,53.3,8397.69,,
130,Downwards,Energy,22/09/2026,19:30,20:00,18:30,19:00,Live,500,54.4,8574.03,,
130,Downwards,Energy,22/09/2026,20:00,20:30,19:00,19:30,Live,500,51.6,6421.75,,
130,Downwards,Energy,22/09/2026,20:30,21:00,19:30,20:00,Live,500,49.8,6197.65,,
130,Downwards,Energy,22/09/2026,21:00,21:30,20:00,20:30,Live,500,32.2,3284.2,,
130,Downwards,Energy,22/09/2026,21:30,22:00,20:30,21:00,Live,500,2,214.18,,
129,Downwards,Energy,21/09/2026,17:00,17:30,16:00,16:30,Live,500,54.3,5114.25,,
129,Downwards,Energy,21/09/2026,17:30,18:00,16:30,17:00,Live,500,56.1,5291.76,,
129,Downwards,Energy,21/09/2026,18:00,18:30,17:00,17:30,Live,500,175.8,18301.42,,
129,Downwards,Energy,21/09/2026,18:30,19:00,17:30,18:00,Live,500,175.6,18300.11,,
129,Downwards,Energy,21/09/2026,19:00,19:30,18:00,18:30,Live,500,50.8,5548.42,,
129,Downwards,Energy,21/09/2026,19:30,20:00,18:30,19:00,Live,500,52.1,5687.25,,
129,Downwards,Energy,21/09/2026,20:00,20:30,19:00,19:30,Live,500,44.3,4605.97,,
129,Downwards,Energy,21/09/2026,20:30,21:00,19:30,20:00,Live,500,24.8,2657.78,,
129,Downwards,Energy,21/09/2026,21:00,21:30,20:00,20:30,Live,500,15.8,1457.71,,
129,Downwards,Energy,21/09/2026,21:30,22:00,20:30,21:00,Live,500,5,463.63,,
128,Downwards,Energy,20/09/2026,18:00,18:30,17:00,17:30,Live,200,1.9,187.32,,
128,Downwards,Energy,20/09/2026,18:30,19:00,17:30,18:00,Live,200,1.8,176.67,,
128,Downwards,Energy,20/09/2026,19:00,19:30,18:00,18:30,Live,200,1.7,168.42,,
128,Downwards,Energy,20/09/2026,19:30,20:00,18:30,19:00,Live,200,1.6,161.33,,
128,Downwards,Energy,20/09/2026,20:00,20:30,19:00,19:30,Live,200,1.6,160.19,,
128,Downwards,Energy,20/09/2026,20:30,21:00,19:30,20:00,Live,200,1.6,158.47,,
127,Downwards,Energy,19/09/2026,17:00,17:30,16:00,16:30,Live,500,2.1,113.76,,
127,Downwards,Energy,19/09/2026,17:30,18:00,16:30,17:00,Live,500,2.1,126.28,,
127,Downwards,Energy,19/09/2026,18:00,18:30,17:00,17:30,Live,500,2,139.8,,
127,Downwards,Energy,19/09/2026,18:30,19:00,17:30,18:00,Live,500,1.9,136.38,,
127,Downwards,Energy,19/09/2026,19:00,19:30,18:00,18:30,Live,500,1.8,129.51,,
127,Downwards,Energy,19/09/2026,19:30,20:00,18:30,19:00,Live,500,1.7,122.73,,
127,Downwards,Energy,19/09/2026,20:00,20:30,19:00,19:30,Live,500,1.7,120.35,,
127,Downwards,Energy,19/09/2026,20:30,21:00,19:30,20:00,Live,500,1.5,98.46,,
127,Downwards,Energy,19/09/2026,21:00,21:30,20:00,20:30,Live,500,0,0,,
127,Downwards,Energy,19/09/2026,21:30,22:00,20:30,21:00,Live,500,0,0,,
126,Downwards,Energy,18/09/2026,16:00,16:30,15:00,15:30,Live,500,1,54.41,,
126,Downwards,Energy,18/09/2026,16:30,17:00,15:30,16:00,Live,500,1,61.51,,
126,Downwards,Energy,18/09/2026,17:00,17:30,16:00,16:30,Live,500,1.2,89.15,,
126,Downwards,Energy,18/09/2026,17:30,18:00,16:30,17:00,Live,500,3,244.66,,
126,Downwards,Energy,18/09/2026,18:00,18:30,17:00,17:30,Live,500,3,248.98,,
126,Downwards,Energy,18/09/2026,18:30,19:00,17:30,18:00,Live,500,2.9,242.52,,
126,Downwards,Energy,18/09/2026,19:00,19:30,18:00,18:30,Live,500,2.6,213.52,,
126,Downwards,Energy,18/09/2026,19:30,20:00,18:30,19:00,Live,500,0.8,60.04,,
126,Downwards,Energy,18/09/2026,20:00,20:30,19:00,19:30,Live,500,0.8,64.54,,
126,Downwards,Energy,18/09/2026,20:30,21:00,19:30,20:00,Live,500,0.8,62.14,,
126,Downwards,Energy,18/09/2026,21:00,21:30,20:00,20:30,Live,500,0.7,52.5,,
126,Downwards,Energy,18/09/2026,21:30,22:00,20:30,21:00,Live,500,0.7,47.03,,
125,Downwards,Energy,17/09/2026,17:00,17:30,16:00,16:30,Live,500,0.3,22.77,,
125,Downwards,Energy,17/09/2026,17:30,18:00,16:30,17:00,Live,500,0.3,24.4,,
125,Downwards,Energy,17/09/2026,18:00,18:30,17:00,17:30,Live,500,73,6978.19,,
125,Downwards,Energy,17/09/2026,18:30,19:00,17:30,18:00,Live,500,74.2,7082.84,,
125,Downwards,Energy,17/09/2026,19:00,19:30,18:00,18:30,Live,500,4.3,408.59,,
125,Downwards,Energy,17/09/2026,19:30,20:00,18:30,19:00,Live,500,4.7,448.69,,
125,Downwards,Energy,17/09/2026,20:00,20:30,19:00,19:30,Live,500,0,0,,
125,Downwards,Energy,17/09/2026,20:30,21:00,19:30,20:00,Live,500,0.2,17.18,,
125,Downwards,Energy,17/09/2026,21:00,21:30,20:00,20:30,Live,500,4.4,437.55,,
125,Downwards,Energy,17/09/2026,21:30,22:00,20:30,21:00,Live,500,1.7,166.05,,
125,Downwards,Energy,17/09/2026,22:00,22:30,21:00,21:30,Live,500,0.2,16.6,,
125,Downwards,Energy,17/09/2026,22:30,23:00,21:30,22:00,Live,500,0.2,15.21,,
124,Downwards,Energy,16/09/2026,18:00,18:30,17:00,17:30,Live,500,165.8,18810.39,,
124,Downwards,Energy,16/09/2026,18:30,19:00,17:30,18:00,Live,500,168.2,19088.56,,
124,Downwards,Energy,16/09/2026,19:00,19:30,18:00,18:30,Live,500,45.7,4745.77,,
124,Downwards,Energy,16/09/2026,19:30,20:00,18:30,19:00,Live,500,37.2,3865.93,,
124,Downwards,Energy,16/09/2026,20:00,20:30,19:00,19:30,Live,500,25.4,2448.43,,
124,Downwards,Energy,16/09/2026,20:30,21:00,19:30,20:00,Live,500,14.1,1385.12,,
124,Downwards,Energy,16/09/2026,21:00,21:30,20:00,20:30,Live,500,6.8,564.44,,
124,Downwards,Energy,16/09/2026,21:30,22:00,20:30,21:00,Live,500,4.1,339.47,,
123,Downwards,Energy,15/09/2026,17:00,17:30,16:00,16:30,Live,500,48.7,4757.98,,
123,Downwards,Energy,15/09/2026,17:30,18:00,16:30,17:00,Live,500,55.9,5455.46,,
123,Downwards,Energy,15/09/2026,18:00,18:30,17:00,17:30,Live,500,166.7,17139.74,,
123,Downwards,Energy,15/09/2026,18:30,19:00,17:30,18:00,Live,500,168,17246.97,,
123,Downwards,Energy,15/09/2026,19:00,19:30,18:00,18:30,Live,500,56.7,6205.36,,
123,Downwards,Energy,15/09/2026,19:30,20:00,18:30,19:00,Live,500,54.7,5989.26,,
123,Downwards,Energy,15/09/2026,20:00,20:30,19:00,19:30,Live,500,26.4,2682.67,,
123,Downwards,Energy,15/09/2026,20:30,21:00,19:30,20:00,Live,500,14.2,1459.87,,
122,Downwards,Energy,14/09/2026,18:00,18:30,17:00,17:30,Live,500,142.1,16048.62,,
122,Downwards,Energy,14/09/2026,18:30,19:00,17:30,18:00,Live,500,148.6,16832.02,,
122,Downwards,Energy,14/09/2026,19:00,19:30,18:00,18:30,Live,500,35.1,3564.69,,
122,Downwards,Energy,14/09/2026,19:30,20:00,18:30,19:00,Live,500,36.3,3679.47,,
122,Downwards,Energy,14/09/2026,20:00,20:30,19:00,19:30,Live,500,31.6,3077.8,,
122,Downwards,Energy,14/09/2026,20:30,21:00,19:30,20:00,Live,500,7.4,703.75,,
120,Upwards,System,13/09/2026,13:00,13:30,12:00,12:30,Test,500,0.2,11.25,,
120,Upwards,System,13/09/2026,13:30,14:00,12:30,13:00,Test,500,0.3,20.25,,
121,Downwards,Energy,13/09/2026,17:00,17:30,16:00,16:30,Live,500,0,0,,
121,Downwards,Energy,13/09/2026,17:30,18:00,16:30,17:00,Live,500,0.2,15.98,,
121,Downwards,Energy,13/09/2026,18:00,18:30,17:00,17:30,Live,500,0,0,,
121,Downwards,Energy,13/09/2026,18:30,19:00,17:30,18:00,Live,500,0,0,,
121,Downwards,Energy,13/09/2026,19:00,19:30,18:00,18:30,Live,500,0,0,,
121,Downwards,Energy,13/09/2026,19:30,20:00,18:30,19:00,Live,500,0,0,,
121,Downwards,Energy,13/09/2026,20:00,20:30,19:00,19:30,Live,500,0,0,,
121,Downwards,Energy,13/09/2026,20:30,21:00,19:30,20:00,Live,500,0,0,,
119,Downwards,Energy,11/09/2026,17:00,17:30,16:00,16:30,Live,500,0.5,44.05,,
119,Downwards,Energy,11/09/2026,17:30,18:00,16:30,17:00,Live,500,0.5,44.05,,
119,Downwards,Energy,11/09/2026,18:00,18:30,17:00,17:30,Live,500,2.4,264.78,,
119,Downwards,Energy,11/09/2026,18:30,19:00,17:30,18:00,Live,500,0.4,35.2,,
119,Downwards,Energy,11/09/2026,19:00,19:30,18:00,18:30,Live,500,127.5,13398.68,,
119,Downwards,Energy,11/09/2026,19:30,20:00,18:30,19:00,Live,500,127.3,13380.9,,
119,Downwards,Energy,11/09/2026,20:00,20:30,19:00,19:30,Live,500,1.6,178.13,,
119,Downwards,Energy,11/09/2026,20:30,21:00,19:30,20:00,Live,500,1.6,169,,
118,Downwards,Energy,10/09/2026,17:00,17:30,16:00,16:30,Live,500,25.9,2465.58,,
118,Downwards,Energy,10/09/2026,17:30,18:00,16:30,17:00,Live,500,29.9,2852.73,,
118,Downwards,Energy,10/09/2026,18:00,18:30,17:00,17:30,Live,500,30,2846.66,,
118,Downwards,Energy,10/09/2026,18:30,19:00,17:30,18:00,Live,500,24.2,2299.73,,
118,Downwards,Energy,10/09/2026,19:00,19:30,18:00,18:30,Live,500,91,8643.18,,
117,Downwards,System,10/09/2026,19:00,19:30,18:00,18:30,Test,500,32.7,8175,,
118,Downwards,Energy,10/09/2026,19:30,20:00,18:30,19:00,Live,500,92.6,8796.19,,
117,Downwards,System,10/09/2026,19:30,20:00,18:30,19:00,Test,500,34,8500,,
118,Downwards,Energy,10/09/2026,20:00,20:30,19:00,19:30,Live,500,12.7,1208.19,,
118,Downwards,Energy,10/09/2026,20:30,21:00,19:30,20:00,Live,500,11.6,1101.56,,
118,Downwards,Energy,10/09/2026,21:00,21:30,20:00,20:30,Live,500,8,709.61,,
118,Downwards,Energy,10/09/2026,21:30,22:00,20:30,21:00,Live,500,2.8,249.53,,
118,Downwards,Energy,10/09/2026,22:00,22:30,21:00,21:30,Live,500,2.9,235.32,,
118,Downwards,Energy,10/09/2026,22:30,23:00,21:30,22:00,Live,500,1,82.91,,
116,Downwards,Energy,09/09/2026,17:00,17:30,16:00,16:30,Live,500,51.1,4708.55,,
116,Downwards,Energy,09/09/2026,17:30,18:00,16:30,17:00,Live,500,56.1,5176.13,,
116,Downwards,Energy,09/09/2026,18:00,18:30,17:00,17:30,Live,500,54.2,5801.12,,
116,Downwards,Energy,09/09/2026,18:30,19:00,17:30,18:00,Live,500,47.8,5118.25,,
116,Downwards,Energy,09/09/2026,19:00,19:30,18:00,18:30,Live,500,55.1,5966.11,,
116,Downwards,Energy,09/09/2026,19:30,20:00,18:30,19:00,Live,500,59.7,6461.18,,
116,Downwards,Energy,09/09/2026,20:00,20:30,19:00,19:30,Live,500,61,6654.82,,
116,Downwards,Energy,09/09/2026,20:30,21:00,19:30,20:00,Live,500,59.4,6479.46,,
116,Downwards,Energy,09/09/2026,21:00,21:30,20:00,20:30,Live,500,43.5,4226.99,,
116,Downwards,Energy,09/09/2026,21:30,22:00,20:30,21:00,Live,500,1.4,130.82,,
115,Downwards,Energy,08/09/2026,17:00,17:30,16:00,16:30,Live,500,22.7,1784.08,,
115,Downwards,Energy,08/09/2026,17:30,18:00,16:30,17:00,Live,500,33.6,2647.5,,
115,Downwards,Energy,08/09/2026,18:00,18:30,17:00,17:30,Live,500,42.4,3712.28,,
115,Downwards,Energy,08/09/2026,18:30,19:00,17:30,18:00,Live,500,41.8,3718.01,,
115,Downwards,Energy,08/09/2026,19:00,19:30,18:00,18:30,Live,500,10.7,998.73,,
115,Downwards,Energy,08/09/2026,19:30,20:00,18:30,19:00,Live,500,11.3,1052.15,,
115,Downwards,Energy,08/09/2026,20:00,20:30,19:00,19:30,Live,500,12.6,1146.14,,
115,Downwards,Energy,08/09/2026,20:30,21:00,19:30,20:00,Live,500,5.3,456.78,,
115,Downwards,Energy,08/09/2026,21:00,21:30,20:00,20:30,Live,500,4.8,383.19,,
115,Downwards,Energy,08/09/2026,21:30,22:00,20:30,21:00,Live,500,4,317.35,,
114,Downwards,Energy,07/09/2026,16:00,16:30,15:00,15:30,Live,300,6.7,491.52,,
114,Downwards,Energy,07/09/2026,16:30,17:00,15:30,16:00,Live,300,12.9,941.52,,
114,Downwards,Energy,07/09/2026,17:00,17:30,16:00,16:30,Live,300,24.1,2050.68,,
114,Downwards,Energy,07/09/2026,17:30,18:00,16:30,17:00,Live,300,37.6,3206.77,,
114,Downwards,Energy,07/09/2026,18:00,18:30,17:00,17:30,Live,300,127.1,11130.24,,
114,Downwards,Energy,07/09/2026,18:30,19:00,17:30,18:00,Live,300,130.3,11409.07,,
114,Downwards,Energy,07/09/2026,19:00,19:30,18:00,18:30,Live,300,44.1,4315.92,,
114,Downwards,Energy,07/09/2026,19:30,20:00,18:30,19:00,Live,300,38,3736.66,,
114,Downwards,Energy,07/09/2026,20:00,20:30,19:00,19:30,Live,300,13.5,1261.51,,
114,Downwards,Energy,07/09/2026,20:30,21:00,19:30,20:00,Live,300,8.7,791.04,,
114,Downwards,Energy,07/09/2026,21:00,21:30,20:00,20:30,Live,300,4.8,397.48,,
114,Downwards,Energy,07/09/2026,21:30,22:00,20:30,21:00,Live,300,3.8,309.01,,
113,Downwards,Energy,06/09/2026,17:00,17:30,16:00,16:30,Live,500,7.2,580.8,,
113,Downwards,Energy,06/09/2026,17:30,18:00,16:30,17:00,Live,500,8.1,647.1,,
113,Downwards,Energy,06/09/2026,18:00,18:30,17:00,17:30,Live,500,7.9,681.55,,
113,Downwards,Energy,06/09/2026,18:30,19:00,17:30,18:00,Live,500,6.3,542.95,,
113,Downwards,Energy,06/09/2026,19:00,19:30,18:00,18:30,Live,500,6.6,573.25,,
113,Downwards,Energy,06/09/2026,19:30,20:00,18:30,19:00,Live,500,7.6,660.65,,
113,Downwards,Energy,06/09/2026,20:00,20:30,19:00,19:30,Live,500,8.1,701.25,,
113,Downwards,Energy,06/09/2026,20:30,21:00,19:30,20:00,Live,500,7,603.75,,
113,Downwards,Energy,06/09/2026,21:00,21:30,20:00,20:30,Live,500,7.6,631.6,,
113,Downwards,Energy,06/09/2026,21:30,22:00,20:30,21:00,Live,500,7.2,600.8,,
111,Upwards,Energy,05/09/2026,14:00,14:30,13:00,13:30,Live,500,0,0,,
111,Upwards,Energy,05/09/2026,14:30,15:00,13:30,14:00,Live,500,0,0,,
111,Upwards,Energy,05/09/2026,15:00,15:30,14:00,14:30,Live,500,0,0,,
111,Upwards,Energy,05/09/2026,15:30,16:00,14:30,15:00,Live,500,0,0,,
112,Downwards,Energy,05/09/2026,19:00,19:30,18:00,18:30,Live,500,5.5,474.15,,
112,Downwards,Energy,05/09/2026,19:30,20:00,18:30,19:00,Live,500,6.2,535.99,,
112,Downwards,Energy,05/09/2026,20:00,20:30,19:00,19:30,Live,500,6.5,567.98,,
112,Downwards,Energy,05/09/2026,20:30,21:00,19:30,20:00,Live,500,4.9,428.93,,
110,Downwards,Energy,03/09/2026,17:00,17:30,16:00,16:30,Live,300,16.3,1174.01,,
110,Downwards,Energy,03/09/2026,17:30,18:00,16:30,17:00,Live,300,34.3,2457.43,,
110,Downwards,Energy,03/09/2026,18:00,18:30,17:00,17:30,Live,300,148.8,12604.98,,
110,Downwards,Energy,03/09/2026,18:30,19:00,17:30,18:00,Live,300,142.6,12091.46,,
110,Downwards,Energy,03/09/2026,19:00,19:30,18:00,18:30,Live,300,23.7,2099,,
110,Downwards,Energy,03/09/2026,19:30,20:00,18:30,19:00,Live,300,30.4,2694.84,,
110,Downwards,Energy,03/09/2026,20:00,20:30,19:00,19:30,Live,300,21.9,1888.48,,
110,Downwards,Energy,03/09/2026,20:30,21:00,19:30,20:00,Live,300,17,1475.4,,
109,Downwards,Energy,02/09/2026,20:00,20:30,19:00,19:30,Live,300,141,10924.66,,
109,Downwards,Energy,02/09/2026,20:30,21:00,19:30,20:00,Live,300,128.2,9785.5,,
109,Downwards,Energy,02/09/2026,21:00,21:30,20:00,20:30,Live,300,19.8,1688.06,,
109,Downwards,Energy,02/09/2026,21:30,22:00,20:30,21:00,Live,300,17.2,1475.12,,
108,Downwards,Energy,01/09/2026,17:00,17:30,16:00,16:30,Live,300,38.9,2962.67,,
108,Downwards,Energy,01/09/2026,17:30,18:00,16:30,17:00,Live,300,41.6,3155.55,,
108,Downwards,Energy,01/09/2026,18:00,18:30,17:00,17:30,Live,300,142.6,12443.06,,
108,Downwards,Energy,01/09/2026,18:30,19:00,17:30,18:00,Live,300,143.2,12460.95,,
108,Downwards,Energy,01/09/2026,19:00,19:30,18:00,18:30,Live,300,45.6,4242.49,,
108,Downwards,Energy,01/09/2026,19:30,20:00,18:30,19:00,Live,300,45.1,4201.09,,
108,Downwards,Energy,01/09/2026,20:00,20:30,19:00,19:30,Live,300,27.9,2566.13,,
108,Downwards,Energy,01/09/2026,20:30,21:00,19:30,20:00,Live,300,17.9,1635.24,,
108,Downwards,Energy,01/09/2026,21:00,21:30,20:00,20:30,Live,300,16.3,1410.68,,
108,Downwards,Energy,01/09/2026,21:30,22:00,20:30,21:00,Live,300,6.7,572.5,,
107,Downwards,Energy,31/08/2026,19:00,19:30,18:00,18:30,Live,500,55,4615.78,,
107,Downwards,Energy,31/08/2026,19:30,20:00,18:30,19:00,Live,500,55.6,4666.47,,
107,Downwards,Energy,31/08/2026,20:00,20:30,19:00,19:30,Live,500,4.8,396,,
107,Downwards,Energy,31/08/2026,20:30,21:00,19:30,20:00,Live,500,4.9,404.14,,
107,Downwards,Energy,31/08/2026,21:00,21:30,20:00,20:30,Live,500,15.1,1192.9,,
107,Downwards,Energy,31/08/2026,21:30,22:00,20:30,21:00,Live,500,16.6,1312.56,,
105,Upwards,System,30/08/2026,13:00,13:30,12:00,12:30,Test,500,150,13452.67,,
105,Upwards,System,30/08/2026,13:30,14:00,12:30,13:00,Test,500,155.2,13919.95,,
106,Downwards,Energy,30/08/2026,18:00,18:30,17:00,17:30,Live,500,6.8,578.2,,
106,Downwards,Energy,30/08/2026,18:30,19:00,17:30,18:00,Live,500,7.3,621,,
106,Downwards,Energy,30/08/2026,19:00,19:30,18:00,18:30,Live,500,7.5,638.7,,
106,Downwards,Energy,30/08/2026,19:30,20:00,18:30,19:00,Live,500,7,596.4,,
106,Downwards,Energy,30/08/2026,20:00,20:30,19:00,19:30,Live,500,6.6,561.7,,
106,Downwards,Energy,30/08/2026,20:30,21:00,19:30,20:00,Live,500,6.7,570.05,,
106,Downwards,Energy,30/08/2026,21:00,21:30,20:00,20:30,Live,500,6.9,586.75,,
106,Downwards,Energy,30/08/2026,21:30,22:00,20:30,21:00,Live,500,7.6,645.9,,
104,Downwards,Energy,27/08/2026,17:00,17:30,16:00,16:30,Live,500,52.7,4164.23,,
104,Downwards,Energy,27/08/2026,17:30,18:00,16:30,17:00,Live,500,56.2,4444.13,,
104,Downwards,Energy,27/08/2026,18:00,18:30,17:00,17:30,Live,500,144,12318.27,,
104,Downwards,Energy,27/08/2026,18:30,19:00,17:30,18:00,Live,500,147.2,12581.6,,
104,Downwards,Energy,27/08/2026,19:00,19:30,18:00,18:30,Live,500,57.1,4875.84,,
104,Downwards,Energy,27/08/2026,19:30,20:00,18:30,19:00,Live,500,52.7,4501.4,,
103,Downwards,Energy,26/08/2026,17:00,17:30,16:00,16:30,Live,500,51.4,4168.55,,
103,Downwards,Energy,26/08/2026,17:30,18:00,16:30,17:00,Live,500,56.3,4576.97,,
103,Downwards,Energy,26/08/2026,18:00,18:30,17:00,17:30,Live,500,143.6,12398.09,,
103,Downwards,Energy,26/08/2026,18:30,19:00,17:30,18:00,Live,500,147.3,12661.84,,
103,Downwards,Energy,26/08/2026,19:00,19:30,18:00,18:30,Live,500,55.3,4881.08,,
103,Downwards,Energy,26/08/2026,19:30,20:00,18:30,19:00,Live,500,53.1,4694.35,,
102,Downwards,Energy,24/08/2026,18:00,18:30,17:00,17:30,Live,500,154.3,13071.47,,
102,Downwards,Energy,24/08/2026,18:30,19:00,17:30,18:00,Live,500,158.7,13437.67,,
102,Downwards,Energy,24/08/2026,19:00,19:30,18:00,18:30,Live,500,50.1,4450.14,,
102,Downwards,Energy,24/08/2026,19:30,20:00,18:30,19:00,Live,500,48.2,4279.01,,
102,Downwards,Energy,24/08/2026,20:00,20:30,19:00,19:30,Live,500,31.5,2501.83,,
102,Downwards,Energy,24/08/2026,20:30,21:00,19:30,20:00,Live,500,29.2,2318.44,,
102,Downwards,Energy,24/08/2026,21:00,21:30,20:00,20:30,Live,500,12.2,926.75,,
102,Downwards,Energy,24/08/2026,21:30,22:00,20:30,21:00,Live,500,3,230.47,,
101,Upwards,Energy,23/08/2026,11:00,11:30,10:00,10:30,Live,300,0,0,,
101,Upwards,Energy,23/08/2026,11:30,12:00,10:30,11:00,Live,300,0,0,,
101,Upwards,Energy,23/08/2026,12:00,12:30,11:00,11:30,Live,300,0,0,,
101,Upwards,Energy,23/08/2026,12:30,13:00,11:30,12:00,Live,300,0,0,,
101,Upwards,Energy,23/08/2026,13:00,13:30,12:00,12:30,Live,300,0,0,,
101,Upwards,Energy,23/08/2026,13:30,14:00,12:30,13:00,Live,300,0,0,,
101,Upwards,Energy,23/08/2026,14:00,14:30,13:00,13:30,Live,300,0,0,,
101,Upwards,Energy,23/08/2026,14:30,15:00,13:30,14:00,Live,300,0,0,,
101,Upwards,Energy,23/08/2026,15:00,15:30,14:00,14:30,Live,300,0,0,,
101,Upwards,Energy,23/08/2026,15:30,16:00,14:30,15:00,Live,300,0,0,,
100,Upwards,Energy,22/08/2026,13:00,13:30,12:00,12:30,Live,300,0,0,,
100,Upwards,Energy,22/08/2026,13:30,14:00,12:30,13:00,Live,300,0,0,,
100,Upwards,Energy,22/08/2026,14:00,14:30,13:00,13:30,Live,300,0,0,,
100,Upwards,Energy,22/08/2026,14:30,15:00,13:30,14:00,Live,300,0,0,,
100,Upwards,Energy,22/08/2026,15:00,15:30,14:00,14:30,Live,300,0,0,,
100,Upwards,Energy,22/08/2026,15:30,16:00,14:30,15:00,Live,300,0,0,,
99,Downwards,Energy,19/08/2026,18:00,18:30,17:00,17:30,Live,500,0.1,7.5,,
99,Downwards,Energy,19/08/2026,18:30,19:00,17:30,18:00,Live,500,0,0,,
99,Downwards,Energy,19/08/2026,19:00,19:30,18:00,18:30,Live,500,52.7,4924.98,,
99,Downwards,Energy,19/08/2026,19:30,20:00,18:30,19:00,Live,500,53.7,5018.41,,
99,Downwards,Energy,19/08/2026,20:00,20:30,19:00,19:30,Live,500,53.8,4868.65,,
99,Downwards,Energy,19/08/2026,20:30,21:00,19:30,20:00,Live,500,53.5,4840.99,,
99,Downwards,Energy,19/08/2026,21:00,21:30,20:00,20:30,Live,500,45.1,3926.73,,
99,Downwards,Energy,19/08/2026,21:30,22:00,20:30,21:00,Live,500,33.4,2905.89,,
98,Downwards,Energy,18/08/2026,16:00,16:30,15:00,15:30,Live,500,34.8,2268.38,,
98,Downwards,Energy,18/08/2026,16:30,17:00,15:30,16:00,Live,500,41.3,2694.02,,
98,Downwards,Energy,18/08/2026,17:00,17:30,16:00,16:30,Live,500,44,3303.99,,
98,Downwards,Energy,18/08/2026,17:30,18:00,16:30,17:00,Live,500,43,3239.53,,
98,Downwards,Energy,18/08/2026,18:00,18:30,17:00,17:30,Live,500,132.2,11102.69,,
98,Downwards,Energy,18/08/2026,18:30,19:00,17:30,18:00,Live,500,139.5,11719.07,,
98,Downwards,Energy,18/08/2026,19:00,19:30,18:00,18:30,Live,500,47.2,4068,,
98,Downwards,Energy,18/08/2026,19:30,20:00,18:30,19:00,Live,500,44.2,3810.04,,
98,Downwards,Energy,18/08/2026,20:00,20:30,19:00,19:30,Live,500,40.3,3386.29,,
98,Downwards,Energy,18/08/2026,20:30,21:00,19:30,20:00,Live,500,39.2,3295.75,,
98,Downwards,Energy,18/08/2026,21:00,21:30,20:00,20:30,Live,500,38.7,3178.03,,
98,Downwards,Energy,18/08/2026,21:30,22:00,20:30,21:00,Live,500,28.8,2362.49,,
98,Downwards,Energy,18/08/2026,22:00,22:30,21:00,21:30,Live,500,17.6,1301.29,,
98,Downwards,Energy,18/08/2026,22:30,23:00,21:30,22:00,Live,500,4.7,345.98,,
97,Downwards,Energy,17/08/2026,16:00,16:30,15:00,15:30,Live,500,33.7,2293.5,,
97,Downwards,Energy,17/08/2026,16:30,17:00,15:30,16:00,Live,500,40.2,2736.5,,
97,Downwards,Energy,17/08/2026,17:00,17:30,16:00,16:30,Live,500,44,3589,,
97,Downwards,Energy,17/08/2026,17:30,18:00,16:30,17:00,Live,500,41.8,3410.7,,
97,Downwards,Energy,17/08/2026,18:00,18:30,17:00,17:30,Live,500,134.8,11678.4,,
97,Downwards,Energy,17/08/2026,18:30,19:00,17:30,18:00,Live,500,142,12287.43,,
97,Downwards,Energy,17/08/2026,19:00,19:30,18:00,18:30,Live,500,41.8,3971.8,,
97,Downwards,Energy,17/08/2026,19:30,20:00,18:30,19:00,Live,500,43.7,4152,,
97,Downwards,Energy,17/08/2026,20:00,20:30,19:00,19:30,Live,500,41.8,3902.4,,
97,Downwards,Energy,17/08/2026,20:30,21:00,19:30,20:00,Live,500,40.9,3818.25,,
97,Downwards,Energy,17/08/2026,21:00,21:30,20:00,20:30,Live,500,33.5,2965.9,,
97,Downwards,Energy,17/08/2026,21:30,22:00,20:30,21:00,Live,500,20.5,1814.15,,
97,Downwards,Energy,17/08/2026,22:00,22:30,21:00,21:30,Live,500,10.6,801.6,,
97,Downwards,Energy,17/08/2026,22:30,23:00,21:30,22:00,Live,500,7.7,581.8,,
96,Downwards,Energy,16/08/2026,19:00,19:30,18:00,18:30,Live,500,1.1,93.85,,
96,Downwards,Energy,16/08/2026,19:30,20:00,18:30,19:00,Live,500,0.2,16.4,,
96,Downwards,Energy,16/08/2026,20:00,20:30,19:00,19:30,Live,500,0.2,16.01,,
96,Downwards,Energy,16/08/2026,20:30,21:00,19:30,20:00,Live,500,0.1,7.97,,
96,Downwards,Energy,16/08/2026,21:00,21:30,20:00,20:30,Live,500,0.1,7.83,,
96,Downwards,Energy,16/08/2026,21:30,22:00,20:30,21:00,Live,500,1,85.83,,
95,Downwards,Energy,15/08/2026,19:00,19:30,18:00,18:30,Live,500,1.4,116.35,,
95,Downwards,Energy,15/08/2026,19:30,20:00,18:30,19:00,Live,500,1.4,117.28,,
95,Downwards,Energy,15/08/2026,20:00,20:30,19:00,19:30,Live,500,1.4,115.64,,
95,Downwards,Energy,15/08/2026,20:30,21:00,19:30,20:00,Live,500,1.3,107.74,,
94,Downwards,Energy,14/08/2026,21:00,21:30,20:00,20:30,Live,500,0,0,,
94,Downwards,Energy,14/08/2026,21:30,22:00,20:30,21:00,Live,500,0,0,,
93,Downwards,Energy,13/08/2026,17:00,17:30,16:00,16:30,Live,500,1,83.97,,
93,Downwards,Energy,13/08/2026,17:30,18:00,16:30,17:00,Live,500,0.8,73.7,,
93,Downwards,Energy,13/08/2026,18:00,18:30,17:00,17:30,Live,500,5,617.38,,
93,Downwards,Energy,13/08/2026,18:30,19:00,17:30,18:00,Live,500,4.8,596.38,,
93,Downwards,Energy,13/08/2026,19:00,19:30,18:00,18:30,Live,500,4.8,596.21,,
93,Downwards,Energy,13/08/2026,19:30,20:00,18:30,19:00,Live,500,4.8,597.32,,
93,Downwards,Energy,13/08/2026,20:00,20:30,19:00,19:30,Live,500,0.8,86.09,,
93,Downwards,Energy,13/08/2026,20:30,21:00,19:30,20:00,Live,500,0.8,84.07,,
92,Downwards,Energy,12/08/2026,17:00,17:30,16:00,16:30,Live,500,59.2,4069.52,,
92,Downwards,Energy,12/08/2026,17:30,18:00,16:30,17:00,Live,500,58.9,4099.66,,
92,Downwards,Energy,12/08/2026,18:00,18:30,17:00,17:30,Live,500,72.8,7833,,
92,Downwards,Energy,12/08/2026,18:30,19:00,17:30,18:00,Live,500,73.2,8092.75,,
92,Downwards,Energy,12/08/2026,19:00,19:30,18:00,18:30,Live,500,76.4,9565.15,,
92,Downwards,Energy,12/08/2026,19:30,20:00,18:30,19:00,Live,500,71.7,9050.34,,
92,Downwards,Energy,12/08/2026,20:00,20:30,19:00,19:30,Live,500,66.5,6713.54,,
92,Downwards,Energy,12/08/2026,20:30,21:00,19:30,20:00,Live,500,65.2,6564.96,,
92,Downwards,Energy,12/08/2026,21:00,21:30,20:00,20:30,Live,500,26.8,2332.02,,
92,Downwards,Energy,12/08/2026,21:30,22:00,20:30,21:00,Live,500,25.2,2168.44,,
91,Downwards,Energy,11/08/2026,17:00,17:30,16:00,16:30,Live,500,46.9,3025.43,,
91,Downwards,Energy,11/08/2026,17:30,18:00,16:30,17:00,Live,500,50.8,3263.02,,
91,Downwards,Energy,11/08/2026,18:00,18:30,17:00,17:30,Live,500,59.4,4360.12,,
91,Downwards,Energy,11/08/2026,18:30,19:00,17:30,18:00,Live,500,60,4417.27,,
91,Downwards,Energy,11/08/2026,19:00,19:30,18:00,18:30,Live,500,62.6,4901.67,,
91,Downwards,Energy,11/08/2026,19:30,20:00,18:30,19:00,Live,500,78.8,6395.75,,
91,Downwards,Energy,11/08/2026,20:00,20:30,19:00,19:30,Live,500,72.9,5789.34,,
91,Downwards,Energy,11/08/2026,20:30,21:00,19:30,20:00,Live,500,54.2,4186.91,,
91,Downwards,Energy,11/08/2026,21:00,21:30,20:00,20:30,Live,500,38.1,2841.75,,
91,Downwards,Energy,11/08/2026,21:30,22:00,20:30,21:00,Live,500,31.6,2331.33,,
90,Downwards,Energy,10/08/2026,17:00,17:30,16:00,16:30,Live,500,13.9,872.21,,
90,Downwards,Energy,10/08/2026,17:30,18:00,16:30,17:00,Live,500,21.7,1360.65,,
90,Downwards,Energy,10/08/2026,18:00,18:30,17:00,17:30,Live,500,26.8,1916.2,,
90,Downwards,Energy,10/08/2026,18:30,19:00,17:30,18:00,Live,500,26.2,1873.3,,
90,Downwards,Energy,10/08/2026,19:00,19:30,18:00,18:30,Live,500,0,0,,
90,Downwards,Energy,10/08/2026,19:30,20:00,18:30,19:00,Live,500,0,0,,
90,Downwards,Energy,10/08/2026,20:00,20:30,19:00,19:30,Live,500,0,0,,
90,Downwards,Energy,10/08/2026,20:30,21:00,19:30,20:00,Live,500,0,0,,
90,Downwards,Energy,10/08/2026,21:00,21:30,20:00,20:30,Live,500,0,0,,
90,Downwards,Energy,10/08/2026,21:30,22:00,20:30,21:00,Live,500,0,0,,
89,Upwards,Energy,09/08/2026,11:00,11:30,10:00,10:30,Live,500,0,0,,
89,Upwards,Energy,09/08/2026,11:30,12:00,10:30,11:00,Live,500,0,0,,
89,Upwards,Energy,09/08/2026,12:00,12:30,11:00,11:30,Live,500,0,0,,
89,Upwards,Energy,09/08/2026,12:30,13:00,11:30,12:00,Live,500,0,0,,
89,Upwards,Energy,09/08/2026,13:00,13:30,12:00,12:30,Live,500,0,0,,
89,Upwards,Energy,09/08/2026,13:30,14:00,12:30,13:00,Live,500,0,0,,
89,Upwards,Energy,09/08/2026,14:00,14:30,13:00,13:30,Live,500,0,0,,
89,Upwards,Energy,09/08/2026,14:30,15:00,13:30,14:00,Live,500,0,0,,
87,Upwards,Energy,08/08/2026,12:00,12:30,11:00,11:30,Live,500,0,0,,
87,Upwards,Energy,08/08/2026,12:30,13:00,11:30,12:00,Live,500,0,0,,
87,Upwards,Energy,08/08/2026,13:00,13:30,12:00,12:30,Live,500,0,0,,
87,Upwards,Energy,08/08/2026,13:30,14:00,12:30,13:00,Live,500,0,0,,
87,Upwards,Energy,08/08/2026,14:00,14:30,13:00,13:30,Live,500,0,0,,
87,Upwards,Energy,08/08/2026,14:30,15:00,13:30,14:00,Live,500,0,0,,
87,Upwards,Energy,08/08/2026,15:00,15:30,14:00,14:30,Live,500,0,0,,
87,Upwards,Energy,08/08/2026,15:30,16:00,14:30,15:00,Live,500,0,0,,
88,Downwards,Energy,08/08/2026,19:00,19:30,18:00,18:30,Live,500,0,0,,
88,Downwards,Energy,08/08/2026,19:30,20:00,18:30,19:00,Live,500,0,0,,
88,Downwards,Energy,08/08/2026,20:00,20:30,19:00,19:30,Live,500,0,0,,
88,Downwards,Energy,08/08/2026,20:30,21:00,19:30,20:00,Live,500,0,0,,
88,Downwards,Energy,08/08/2026,21:00,21:30,20:00,20:30,Live,500,0,0,,
88,Downwards,Energy,08/08/2026,21:30,22:00,20:30,21:00,Live,500,0,0,,
86,Downwards,Energy,07/08/2026,17:00,17:30,16:00,16:30,Live,300,25,1593.41,,
86,Downwards,Energy,07/08/2026,17:30,18:00,16:30,17:00,Live,300,27.7,1763.58,,
86,Downwards,Energy,07/08/2026,18:00,18:30,17:00,17:30,Live,300,30.4,2078.82,,
86,Downwards,Energy,07/08/2026,18:30,19:00,17:30,18:00,Live,300,31.5,2165.04,,
86,Downwards,Energy,07/08/2026,19:00,19:30,18:00,18:30,Live,300,22.5,1676.74,,
86,Downwards,Energy,07/08/2026,19:30,20:00,18:30,19:00,Live,300,22.1,1657.64,,
86,Downwards,Energy,07/08/2026,20:00,20:30,19:00,19:30,Live,300,22.4,1678.61,,
86,Downwards,Energy,07/08/2026,20:30,21:00,19:30,20:00,Live,300,18.3,1364.3,,
86,Downwards,Energy,07/08/2026,21:00,21:30,20:00,20:30,Live,300,19,1409.81,,
86,Downwards,Energy,07/08/2026,21:30,22:00,20:30,21:00,Live,300,19.2,1425.11,,
85,Downwards,Energy,05/08/2026,17:00,17:30,16:00,16:30,Live,500,16.6,931.45,,
85,Downwards,Energy,05/08/2026,17:30,18:00,16:30,17:00,Live,500,17.9,1038.32,,
85,Downwards,Energy,05/08/2026,18:00,18:30,17:00,17:30,Live,500,35,2244.04,,
85,Downwards,Energy,05/08/2026,18:30,19:00,17:30,18:00,Live,500,34.4,2208.71,,
85,Downwards,Energy,05/08/2026,19:00,19:30,18:00,18:30,Live,500,13.8,969.74,,
85,Downwards,Energy,05/08/2026,19:30,20:00,18:30,19:00,Live,500,13.6,992.45,,
85,Downwards,Energy,05/08/2026,20:00,20:30,19:00,19:30,Live,500,90.3,6511.15,,
85,Downwards,Energy,05/08/2026,20:30,21:00,19:30,20:00,Live,500,90.5,6535.35,,
85,Downwards,Energy,05/08/2026,21:00,21:30,20:00,20:30,Live,500,23,1957.64,,
85,Downwards,Energy,05/08/2026,21:30,22:00,20:30,21:00,Live,500,26.9,2219.14,,
84,Downwards,Energy,04/08/2026,18:00,18:30,17:00,17:30,Live,500,0.2,13,,
84,Downwards,Energy,04/08/2026,18:30,19:00,17:30,18:00,Live,500,0.2,13,,
84,Downwards,Energy,04/08/2026,19:00,19:30,18:00,18:30,Live,500,37.6,2967.24,,
84,Downwards,Energy,04/08/2026,19:30,20:00,18:30,19:00,Live,500,33.3,2637.44,,
84,Downwards,Energy,04/08/2026,20:00,20:30,19:00,19:30,Live,500,34.1,2730.44,,
84,Downwards,Energy,04/08/2026,20:30,21:00,19:30,20:00,Live,500,28.1,2239.49,,
83,Downwards,Energy,03/08/2026,18:00,18:30,17:00,17:30,Live,500,58,4721.15,,
83,Downwards,Energy,03/08/2026,18:30,19:00,17:30,18:00,Live,500,54.6,4449.52,,
83,Downwards,Energy,03/08/2026,19:00,19:30,18:00,18:30,Live,500,137.6,11727.49,,
83,Downwards,Energy,03/08/2026,19:30,20:00,18:30,19:00,Live,500,137.5,11715.99,,
83,Downwards,Energy,03/08/2026,20:00,20:30,19:00,19:30,Live,500,49.3,4033.87,,
83,Downwards,Energy,03/08/2026,20:30,21:00,19:30,20:00,Live,500,49.7,4047.89,,
83,Downwards,Energy,03/08/2026,21:00,21:30,20:00,20:30,Live,500,31.3,2450.94,,
83,Downwards,Energy,03/08/2026,21:30,22:00,20:30,21:00,Live,500,26.7,2080.65,,
82,Downwards,Energy,30/07/2026,19:00,19:30,18:00,18:30,Test,500,12.1,1018.68,14.48,1218.6
82,Downwards,Energy,30/07/2026,19:30,20:00,18:30,19:00,Test,500,11.5,983.93,13.75,1176.55
82,Downwards,Energy,30/07/2026,20:00,20:30,19:00,19:30,Test,500,11.1,959.96,13.32,1151.96
82,Downwards,Energy,30/07/2026,20:30,21:00,19:30,20:00,Test,500,10.7,927.48,12.84,1112.98
82,Downwards,Energy,30/07/2026,21:00,21:30,20:00,20:30,Test,500,17.1,1239.75,0.05,3.91
82,Downwards,Energy,30/07/2026,21:30,22:00,20:30,21:00,Test,500,17.1,1239.75,0.06,4.1
81,Downwards,Energy,29/07/2026,18:00,18:30,17:00,17:30,Live,500,46.1,3665.33,13.1,1083.84
81,Downwards,Energy,29/07/2026,18:30,19:00,17:30,18:00,Live,500,40.3,3254.4,13.79,1190.64
81,Downwards,Energy,29/07/2026,19:00,19:30,18:00,18:30,Live,500,0,0,0,0
81,Downwards,Energy,29/07/2026,19:30,20:00,18:30,19:00,Live,500,0,0,0,0
81,Downwards,Energy,29/07/2026,20:00,20:30,19:00,19:30,Live,500,0,0,0,0
81,Downwards,Energy,29/07/2026,20:30,21:00,19:30,20:00,Live,500,0,0,0,0
81,Downwards,Energy,29/07/2026,21:00,21:30,20:00,20:30,Live,500,18.5,1507.75,0,0
81,Downwards,Energy,29/07/2026,21:30,22:00,20:30,21:00,Live,500,18.6,1515.89,0.02,1.8
80,Downwards,Energy,28/07/2026,18:00,18:30,17:00,17:30,Live,500,33,2450.13,12.03,941.33
80,Downwards,Energy,28/07/2026,18:30,19:00,17:30,18:00,Live,500,31.9,2359.38,12.72,978.79
80,Downwards,Energy,28/07/2026,19:00,19:30,18:00,18:30,Live,500,113.9,9550.36,96.7,8172.42
80,Downwards,Energy,28/07/2026,19:30,20:00,18:30,19:00,Live,500,36.4,2985.7,14.63,1235.32
80,Downwards,Energy,28/07/2026,20:00,20:30,19:00,19:30,Live,500,37.1,3066.66,14.34,1214
80,Downwards,Energy,28/07/2026,20:30,21:00,19:30,20:00,Live,500,37.4,3088.62,13.68,1156.99
79,Downwards,Energy,27/07/2026,18:00,18:30,17:00,17:30,Live,500,54.7,3967.02,0.38,29.08
79,Downwards,Energy,27/07/2026,18:30,19:00,17:30,18:00,Live,500,46.1,3343.82,0.36,28.57
79,Downwards,Energy,27/07/2026,19:00,19:30,18:00,18:30,Live,500,45.5,3434.6,0.13,9.15
79,Downwards,Energy,27/07/2026,19:30,20:00,18:30,19:00,Live,500,48.4,3654.3,0.12,8.71
79,Downwards,Energy,27/07/2026,20:00,20:30,19:00,19:30,Live,500,43.1,3382.8,0.05,3.84
79,Downwards,Energy,27/07/2026,20:30,21:00,19:30,20:00,Live,500,44,3453.8,0.05,3.83
79,Downwards,Energy,27/07/2026,21:00,21:30,20:00,20:30,Live,500,47,3783.65,0.04,3.19
79,Downwards,Energy,27/07/2026,21:30,22:00,20:30,21:00,Live,500,48.4,3896.35,0,0
78,Upwards,Energy,26/07/2026,11:00,11:30,10:00,10:30,Live,300,0,0,0,0
78,Upwards,Energy,26/07/2026,11:30,12:00,10:30,11:00,Live,300,0,0,0,0
78,Upwards,Energy,26/07/2026,12:00,12:30,11:00,11:30,Live,300,0,0,0,0
78,Upwards,Energy,26/07/2026,12:30,13:00,11:30,12:00,Live,300,0,0,0,0
78,Upwards,Energy,26/07/2026,13:00,13:30,12:00,12:30,Live,300,0,0,0,0
78,Upwards,Energy,26/07/2026,13:30,14:00,12:30,13:00,Live,300,0,0,0,0
78,Upwards,Energy,26/07/2026,14:00,14:30,13:00,13:30,Live,300,0,0,0,0
78,Upwards,Energy,26/07/2026,14:30,15:00,13:30,14:00,Live,300,0,0,0,0
78,Upwards,Energy,26/07/2026,15:00,15:30,14:00,14:30,Live,300,0,0,0,0
78,Upwards,Energy,26/07/2026,15:30,16:00,14:30,15:00,Live,300,0,0,0,0
76,Upwards,Energy,25/07/2026,11:00,11:30,10:00,10:30,Live,500,0,0,0,0
76,Upwards,Energy,25/07/2026,11:30,12:00,10:30,11:00,Live,500,0,0,0,0
76,Upwards,Energy,25/07/2026,12:00,12:30,11:00,11:30,Live,500,0,0,0,0
76,Upwards,Energy,25/07/2026,12:30,13:00,11:30,12:00,Live,500,0,0,0,0
76,Upwards,Energy,25/07/2026,13:00,13:30,12:00,12:30,Live,500,0,0,0,0
76,Upwards,Energy,25/07/2026,13:30,14:00,12:30,13:00,Live,500,0,0,0,0
76,Upwards,Energy,25/07/2026,14:00,14:30,13:00,13:30,Live,500,0,0,0,0
76,Upwards,Energy,25/07/2026,14:30,15:00,13:30,14:00,Live,500,0,0,0,0
76,Upwards,Energy,25/07/2026,15:00,15:30,14:00,14:30,Live,500,0,0,0,0
76,Upwards,Energy,25/07/2026,15:30,16:00,14:30,15:00,Live,500,0,0,0,0
77,Downwards,Energy,25/07/2026,19:00,19:30,18:00,18:30,Live,300,0,0,0,0
77,Downwards,Energy,25/07/2026,19:30,20:00,18:30,19:00,Live,300,0,0,0,0
77,Downwards,Energy,25/07/2026,20:00,20:30,19:00,19:30,Live,300,0,0,0,0
77,Downwards,Energy,25/07/2026,20:30,21:00,19:30,20:00,Live,300,0,0,0,0
77,Downwards,Energy,25/07/2026,21:00,21:30,20:00,20:30,Live,300,0,0,0,0
77,Downwards,Energy,25/07/2026,21:30,22:00,20:30,21:00,Live,300,0,0,0,0
75,Downwards,Energy,24/07/2026,17:00,17:30,16:00,16:30,Live,500,41.2,2595.6,-0.03,-2.65
75,Downwards,Energy,24/07/2026,17:30,18:00,16:30,17:00,Live,500,51.8,3301.84,12.07,806.42
75,Downwards,Energy,24/07/2026,18:00,18:30,17:00,17:30,Live,500,130.1,9712.67,85.07,6413.73
75,Downwards,Energy,24/07/2026,18:30,19:00,17:30,18:00,Live,500,126.6,9487.68,94.49,7148.81
75,Downwards,Energy,24/07/2026,19:00,19:30,18:00,18:30,Live,500,49.9,4159.46,17.54,1440.4
75,Downwards,Energy,24/07/2026,19:30,20:00,18:30,19:00,Live,500,52.9,4459.4,16.75,1433.11
75,Downwards,Energy,24/07/2026,20:00,20:30,19:00,19:30,Live,500,55.4,4650.11,16.35,1377.35
75,Downwards,Energy,24/07/2026,20:30,21:00,19:30,20:00,Live,500,57.3,4799.65,15.97,1332.38
75,Downwards,Energy,24/07/2026,21:00,21:30,20:00,20:30,Live,500,57.2,4619.13,12.58,1057.95
75,Downwards,Energy,24/07/2026,21:30,22:00,20:30,21:00,Live,500,56.1,4511.7,12.06,993.91
74,Downwards,Energy,17/07/2026,19:00,19:30,18:00,18:30,Live,500,37.8,2763.01,1.44,109.44
74,Downwards,Energy,17/07/2026,19:30,20:00,18:30,19:00,Live,500,38.6,2817.8,0,0
74,Downwards,Energy,17/07/2026,20:00,20:30,19:00,19:30,Live,500,137.6,10280.12,106.99,8028.22
74,Downwards,Energy,17/07/2026,20:30,21:00,19:30,20:00,Live,500,142.4,10633.69,98.75,7409.62
74,Downwards,Energy,17/07/2026,21:00,21:30,20:00,20:30,Live,500,51.3,3674.68,1.44,111
74,Downwards,Energy,17/07/2026,21:30,22:00,20:30,21:00,Live,500,56.4,4038.59,1.44,110.16
74,Downwards,Energy,17/07/2026,22:00,22:30,21:00,21:30,Live,500,36.9,2453.85,0,0
74,Downwards,Energy,17/07/2026,22:30,23:00,21:30,22:00,Live,500,49.8,3322.56,1.44,108.72
73,Downwards,Energy,14/07/2026,18:00,18:30,17:00,17:30,Live,300,0.2,12,0.18,10.56
73,Downwards,Energy,14/07/2026,18:30,19:00,17:30,18:00,Live,300,0.2,12,0.15,9.13
73,Downwards,Energy,14/07/2026,19:00,19:30,18:00,18:30,Live,300,23.4,1753,0.13,7.49
73,Downwards,Energy,14/07/2026,19:30,20:00,18:30,19:00,Live,300,28.4,2128,0.1,6.58
73,Downwards,Energy,14/07/2026,20:00,20:30,19:00,19:30,Live,300,30.1,2286.4,0.06,3.92
73,Downwards,Energy,14/07/2026,20:30,21:00,19:30,20:00,Live,300,38.2,2902,0.08,4.92
73,Downwards,Energy,14/07/2026,21:00,21:30,20:00,20:30,Live,300,38.1,2741.8,-0.08,-6.13
73,Downwards,Energy,14/07/2026,21:30,22:00,20:30,21:00,Live,300,35,2517.7,0.22,14.36
72,Downwards,Energy,13/07/2026,16:00,16:30,15:00,15:30,Live,500,31.9,1530.6,-0.12,-6.37
72,Downwards,Energy,13/07/2026,16:30,17:00,15:30,16:00,Live,500,25.8,1237.8,0.19,8.4
72,Downwards,Energy,13/07/2026,17:00,17:30,16:00,16:30,Live,500,32.9,1858.85,-0.03,-1.61
72,Downwards,Energy,13/07/2026,17:30,18:00,16:30,17:00,Live,500,34.7,1960.55,-0.02,-0.89
72,Downwards,Energy,13/07/2026,18:00,18:30,17:00,17:30,Live,500,37.9,2555.75,0.16,8.39
72,Downwards,Energy,13/07/2026,18:30,19:00,17:30,18:00,Live,500,31.5,2124.75,-0.05,-4.7
72,Downwards,Energy,13/07/2026,19:00,19:30,18:00,18:30,Live,500,27.1,1901.22,0.02,0.14
72,Downwards,Energy,13/07/2026,19:30,20:00,18:30,19:00,Live,500,33.4,2343.22,-0.35,-24.78
72,Downwards,Energy,13/07/2026,20:00,20:30,19:00,19:30,Live,500,128.9,9204.96,97.86,7095.46
72,Downwards,Energy,13/07/2026,20:30,21:00,19:30,20:00,Live,500,135,9611.62,88.78,6435.84
72,Downwards,Energy,13/07/2026,21:00,21:30,20:00,20:30,Live,500,44.8,2988.32,0.09,5.31
72,Downwards,Energy,13/07/2026,21:30,22:00,20:30,21:00,Live,500,40,2669.12,0.09,5.58
72,Downwards,Energy,13/07/2026,22:00,22:30,21:00,21:30,Live,500,24,1454.75,0.07,4.34
72,Downwards,Energy,13/07/2026,22:30,23:00,21:30,22:00,Live,500,30.2,1821.43,0.05,2.65
71,Upwards,Energy,12/07/2026,11:00,11:30,10:00,10:30,Live,500,0,0,0,0
71,Upwards,Energy,12/07/2026,11:30,12:00,10:30,11:00,Live,500,0,0,0,0
71,Upwards,Energy,12/07/2026,12:00,12:30,11:00,11:30,Live,500,0,0,0,0
71,Upwards,Energy,12/07/2026,12:30,13:00,11:30,12:00,Live,500,0,0,0,0
71,Upwards,Energy,12/07/2026,13:00,13:30,12:00,12:30,Live,500,0,0,0,0
71,Upwards,Energy,12/07/2026,13:30,14:00,12:30,13:00,Live,500,0,0,0,0
71,Upwards,Energy,12/07/2026,14:00,14:30,13:00,13:30,Live,500,0,0,0,0
71,Upwards,Energy,12/07/2026,14:30,15:00,13:30,14:00,Live,500,0,0,0,0
71,Upwards,Energy,12/07/2026,15:00,15:30,14:00,14:30,Live,500,0,0,0,0
71,Upwards,Energy,12/07/2026,15:30,16:00,14:30,15:00,Live,500,0,0,0,0
69,Upwards,Energy,11/07/2026,12:00,12:30,11:00,11:30,Live,200,0,0,0,0
69,Upwards,Energy,11/07/2026,12:30,13:00,11:30,12:00,Live,200,0,0,0,0
69,Upwards,Energy,11/07/2026,13:00,13:30,12:00,12:30,Live,200,0,0,0,0
69,Upwards,Energy,11/07/2026,13:30,14:00,12:30,13:00,Live,200,0,0,0,0
69,Upwards,Energy,11/07/2026,14:00,14:30,13:00,13:30,Live,200,0,0,0,0
69,Upwards,Energy,11/07/2026,14:30,15:00,13:30,14:00,Live,200,0,0,0,0
69,Upwards,Energy,11/07/2026,15:00,15:30,14:00,14:30,Live,200,0,0,0,0
69,Upwards,Energy,11/07/2026,15:30,16:00,14:30,15:00,Live,200,0,0,0,0
70,Downwards,Energy,11/07/2026,20:00,20:30,19:00,19:30,Live,500,0,0,0,0
70,Downwards,Energy,11/07/2026,20:30,21:00,19:30,20:00,Live,500,0,0,0,0
70,Downwards,Energy,11/07/2026,21:00,21:30,20:00,20:30,Live,500,0,0,0,0
70,Downwards,Energy,11/07/2026,21:30,22:00,20:30,21:00,Live,500,0,0,0,0
68,Downwards,Energy,09/07/2026,17:00,17:30,16:00,16:30,Live,500,4.6,490.13,5.2,509.1
68,Downwards,Energy,09/07/2026,17:30,18:00,16:30,17:00,Live,500,4.7,496.82,5.14,471.49
68,Downwards,Energy,09/07/2026,18:00,18:30,17:00,17:30,Live,500,5.1,568.26,5.46,517.28
68,Downwards,Energy,09/07/2026,18:30,19:00,17:30,18:00,Live,500,5.2,584.19,5.04,401.01
68,Downwards,Energy,09/07/2026,19:00,19:30,18:00,18:30,Live,500,27.9,2781.2,5.16,510.15
68,Downwards,Energy,09/07/2026,19:30,20:00,18:30,19:00,Live,500,35.3,3484.83,3.76,365.98
68,Downwards,Energy,09/07/2026,20:00,20:30,19:00,19:30,Live,500,133.2,13988.44,92.56,9861.68
68,Downwards,Energy,09/07/2026,20:30,21:00,19:30,20:00,Live,500,141.8,14799.23,86.13,9169.76
68,Downwards,Energy,09/07/2026,21:00,21:30,20:00,20:30,Live,500,49,4445.31,3.36,287.84
68,Downwards,Energy,09/07/2026,21:30,22:00,20:30,21:00,Live,500,51.4,4656.02,3.3,283.77
68,Downwards,Energy,09/07/2026,22:00,22:30,21:00,21:30,Live,500,4.1,500.88,4.18,416.46
68,Downwards,Energy,09/07/2026,22:30,23:00,21:30,22:00,Live,500,4.1,493.09,4.31,440.17
67,Downwards,Energy,08/07/2026,19:00,19:30,18:00,18:30,Live,500,25.4,1815.95,0.42,29.88
67,Downwards,Energy,08/07/2026,19:30,20:00,18:30,19:00,Live,500,28.5,2037.6,0.85,60.06
67,Downwards,Energy,08/07/2026,20:00,20:30,19:00,19:30,Live,500,30.9,2224.6,0.08,5.18
67,Downwards,Energy,08/07/2026,20:30,21:00,19:30,20:00,Live,500,41.1,2959,0.1,6.78
67,Downwards,Energy,08/07/2026,21:00,21:30,20:00,20:30,Live,500,34.2,2427.63,0.11,7.7
67,Downwards,Energy,08/07/2026,21:30,22:00,20:30,21:00,Live,500,38.8,2753.75,0.1,7.38
66,Upwards,Energy,06/07/2026,11:00,11:30,10:00,10:30,Live,500,0,0,0,0
66,Upwards,Energy,06/07/2026,11:30,12:00,10:30,11:00,Live,500,0,0,0,0
66,Upwards,Energy,06/07/2026,12:00,12:30,11:00,11:30,Live,500,0,0,0,0
66,Upwards,Energy,06/07/2026,12:30,13:00,11:30,12:00,Live,500,0,0,0,0
66,Upwards,Energy,06/07/2026,13:00,13:30,12:00,12:30,Live,500,0,0,0,0
66,Upwards,Energy,06/07/2026,13:30,14:00,12:30,13:00,Live,500,0,0,0,0
66,Upwards,Energy,06/07/2026,14:00,14:30,13:00,13:30,Live,500,0,0,0,0
66,Upwards,Energy,06/07/2026,14:30,15:00,13:30,14:00,Live,500,0,0,0,0
66,Upwards,Energy,06/07/2026,15:00,15:30,14:00,14:30,Live,500,0,0,0,0
66,Upwards,Energy,06/07/2026,15:30,16:00,14:30,15:00,Live,500,0,0,0,0
64,Upwards,Energy,05/07/2026,12:00,12:30,11:00,11:30,Live,500,0,0,0,0
64,Upwards,Energy,05/07/2026,12:30,13:00,11:30,12:00,Live,500,0,0,0,0
64,Upwards,Energy,05/07/2026,13:00,13:30,12:00,12:30,Live,500,0,0,0,0
64,Upwards,Energy,05/07/2026,13:30,14:00,12:30,13:00,Live,500,0,0,0,0
64,Upwards,Energy,05/07/2026,14:00,14:30,13:00,13:30,Live,500,0,0,0,0
64,Upwards,Energy,05/07/2026,14:30,15:00,13:30,14:00,Live,500,0,0,0,0
64,Upwards,Energy,05/07/2026,15:00,15:30,14:00,14:30,Live,500,0,0,0,0
64,Upwards,Energy,05/07/2026,15:30,16:00,14:30,15:00,Live,500,0,0,0,0
65,Downwards,Energy,05/07/2026,19:00,19:30,18:00,18:30,Live,500,0,0,0,0
65,Downwards,Energy,05/07/2026,19:30,20:00,18:30,19:00,Live,500,0,0,0,0
65,Downwards,Energy,05/07/2026,20:00,20:30,19:00,19:30,Live,500,0,0,0,0
65,Downwards,Energy,05/07/2026,20:30,21:00,19:30,20:00,Live,500,0,0,0,0
65,Downwards,Energy,05/07/2026,21:00,21:30,20:00,20:30,Live,500,0,0,0,0
65,Downwards,Energy,05/07/2026,21:30,22:00,20:30,21:00,Live,500,0,0,0,0
65,Downwards,Energy,05/07/2026,22:00,22:30,21:00,21:30,Live,500,0,0,0,0
65,Downwards,Energy,05/07/2026,22:30,23:00,21:30,22:00,Live,500,0,0,0,0
63,Upwards,Energy,04/07/2026,11:00,11:30,10:00,10:30,Live,300,0,0,0,0
63,Upwards,Energy,04/07/2026,11:30,12:00,10:30,11:00,Live,300,0,0,0,0
63,Upwards,Energy,04/07/2026,12:00,12:30,11:00,11:30,Live,300,0,0,0,0
63,Upwards,Energy,04/07/2026,12:30,13:00,11:30,12:00,Live,300,0,0,0,0
63,Upwards,Energy,04/07/2026,13:00,13:30,12:00,12:30,Live,300,0,0,0,0
63,Upwards,Energy,04/07/2026,13:30,14:00,12:30,13:00,Live,300,0,0,0,0
63,Upwards,Energy,04/07/2026,14:00,14:30,13:00,13:30,Live,300,0,0,0,0
63,Upwards,Energy,04/07/2026,14:30,15:00,13:30,14:00,Live,300,0,0,0,0
63,Upwards,Energy,04/07/2026,15:00,15:30,14:00,14:30,Live,300,0,0,0,0
63,Upwards,Energy,04/07/2026,15:30,16:00,14:30,15:00,Live,300,0,0,0,0
62,Downwards,Energy,03/07/2026,17:00,17:30,16:00,16:30,Live,500,0,0,0,0
62,Downwards,Energy,03/07/2026,17:30,18:00,16:30,17:00,Live,500,0,0,0,0
62,Downwards,Energy,03/07/2026,18:00,18:30,17:00,17:30,Live,500,0,0,0,0
62,Downwards,Energy,03/07/2026,18:30,19:00,17:30,18:00,Live,500,0,0,0,0
61,Downwards,Energy,29/06/2026,17:00,17:30,16:00,16:30,Live,500,39.2,2351.5,-0.31,-19.21
61,Downwards,Energy,29/06/2026,17:30,18:00,16:30,17:00,Live,500,40.7,2441.5,0.03,0.8
61,Downwards,Energy,29/06/2026,18:00,18:30,17:00,17:30,Live,500,46.4,3966.15,0.05,2.79
61,Downwards,Energy,29/06/2026,18:30,19:00,17:30,18:00,Live,500,38.8,3304.65,3.19,261.39
61,Downwards,Energy,29/06/2026,19:00,19:30,18:00,18:30,Live,500,37.8,3303.65,3.25,266.66
61,Downwards,Energy,29/06/2026,19:30,20:00,18:30,19:00,Live,500,37.4,3268.45,3.45,285.55
61,Downwards,Energy,29/06/2026,20:00,20:30,19:00,19:30,Live,500,40.5,3450,3.09,254.77
61,Downwards,Energy,29/06/2026,20:30,21:00,19:30,20:00,Live,500,41.3,3530.1,0.12,8.3
60,Upwards,Energy,28/06/2026,11:00,11:30,10:00,10:30,Live,500,0,0,0,0
60,Upwards,Energy,28/06/2026,11:30,12:00,10:30,11:00,Live,500,0,0,0,0
60,Upwards,Energy,28/06/2026,12:00,12:30,11:00,11:30,Live,500,0,0,0,0
60,Upwards,Energy,28/06/2026,12:30,13:00,11:30,12:00,Live,500,0,0,0,0
60,Upwards,Energy,28/06/2026,13:00,13:30,12:00,12:30,Live,500,0,0,0,0
60,Upwards,Energy,28/06/2026,13:30,14:00,12:30,13:00,Live,500,0,0,0,0
60,Upwards,Energy,28/06/2026,14:00,14:30,13:00,13:30,Live,500,0,0,0,0
60,Upwards,Energy,28/06/2026,14:30,15:00,13:30,14:00,Live,500,0,0,0,0
60,Upwards,Energy,28/06/2026,15:00,15:30,14:00,14:30,Live,500,0,0,0,0
60,Upwards,Energy,28/06/2026,15:30,16:00,14:30,15:00,Live,500,0,0,0,0
59,Downwards,Energy,27/06/2026,16:00,16:30,15:00,15:30,Live,500,0,0,0,0
59,Downwards,Energy,27/06/2026,16:30,17:00,15:30,16:00,Live,500,0,0,0,0
59,Downwards,Energy,27/06/2026,17:00,17:30,16:00,16:30,Live,500,0,0,0,0
59,Downwards,Energy,27/06/2026,17:30,18:00,16:30,17:00,Live,500,0,0,0,0
59,Downwards,Energy,27/06/2026,18:00,18:30,17:00,17:30,Live,500,0,0,0,0
59,Downwards,Energy,27/06/2026,18:30,19:00,17:30,18:00,Live,500,0,0,0,0
59,Downwards,Energy,27/06/2026,19:00,19:30,18:00,18:30,Live,500,0,0,0,0
59,Downwards,Energy,27/06/2026,19:30,20:00,18:30,19:00,Live,500,0,0,0,0
59,Downwards,Energy,27/06/2026,20:00,20:30,19:00,19:30,Live,500,0,0,0,0
59,Downwards,Energy,27/06/2026,20:30,21:00,19:30,20:00,Live,500,0,0,0,0
59,Downwards,Energy,27/06/2026,21:00,21:30,20:00,20:30,Live,500,0,0,0,0
59,Downwards,Energy,27/06/2026,21:30,22:00,20:30,21:00,Live,500,0,0,0,0
59,Downwards,Energy,27/06/2026,22:00,22:30,21:00,21:30,Live,500,0,0,0,0
59,Downwards,Energy,27/06/2026,22:30,23:00,21:30,22:00,Live,500,0,0,0,0
58,Downwards,Energy,26/06/2026,16:00,16:30,15:00,15:30,Live,500,31.5,1653.75,0,0
58,Downwards,Energy,26/06/2026,16:30,17:00,15:30,16:00,Live,500,23.6,1239,0,0
58,Downwards,Energy,26/06/2026,17:00,17:30,16:00,16:30,Live,500,38.8,2560.8,0,0
58,Downwards,Energy,26/06/2026,17:30,18:00,16:30,17:00,Live,500,37.8,2494.8,0,0
58,Downwards,Energy,26/06/2026,18:00,18:30,17:00,17:30,Live,500,0,0,0,0
58,Downwards,Energy,26/06/2026,18:30,19:00,17:30,18:00,Live,500,0,0,0,0
58,Downwards,Energy,26/06/2026,19:00,19:30,18:00,18:30,Live,500,34,3298,0,0
58,Downwards,Energy,26/06/2026,19:30,20:00,18:30,19:00,Live,500,32.8,3181.6,0,0
58,Downwards,Energy,26/06/2026,20:00,20:30,19:00,19:30,Live,500,0,0,0,0
58,Downwards,Energy,26/06/2026,20:30,21:00,19:30,20:00,Live,500,0,0,0,0
58,Downwards,Energy,26/06/2026,21:00,21:30,20:00,20:30,Live,500,0.1,8,0.12,9.6
58,Downwards,Energy,26/06/2026,21:30,22:00,20:30,21:00,Live,500,0.1,8,0.12,9.6
58,Downwards,Energy,26/06/2026,22:00,22:30,21:00,21:30,Live,500,0,0,0,0
58,Downwards,Energy,26/06/2026,22:30,23:00,21:30,22:00,Live,500,0,0,0,0
57,Downwards,Energy,25/06/2026,18:00,18:30,17:00,17:30,Live,500,3.4,277.15,4.08,332.57
57,Downwards,Energy,25/06/2026,18:30,19:00,17:30,18:00,Live,500,3.7,318.58,4.44,382.3
57,Downwards,Energy,25/06/2026,19:00,19:30,18:00,18:30,Live,500,3.6,294.23,4.32,353.08
57,Downwards,Energy,25/06/2026,19:30,20:00,18:30,19:00,Live,500,75.6,6415.59,4.2,344.52
57,Downwards,Energy,25/06/2026,20:00,20:30,19:00,19:30,Live,500,75.4,6403.69,3.96,330.22
57,Downwards,Energy,25/06/2026,20:30,21:00,19:30,20:00,Live,500,3.1,249.81,3.72,299.75
57,Downwards,Energy,25/06/2026,21:00,21:30,20:00,20:30,Live,500,2.9,231.86,3.48,278.23
57,Downwards,Energy,25/06/2026,21:30,22:00,20:30,21:00,Live,500,2.8,211.17,3.36,253.41
57,Downwards,Energy,25/06/2026,22:00,22:30,21:00,21:30,Live,500,2.8,192.62,3.36,231.14
57,Downwards,Energy,25/06/2026,22:30,23:00,21:30,22:00,Live,500,2.7,186.53,3.24,223.83
56,Downwards,Energy,24/06/2026,16:00,16:30,15:00,15:30,Live,500,43.2,2626.61,-13.01,-771.03
56,Downwards,Energy,24/06/2026,16:30,17:00,15:30,16:00,Live,500,39.9,2438.34,-10.22,-589.08
56,Downwards,Energy,24/06/2026,17:00,17:30,16:00,16:30,Live,500,41.3,3320.17,-2.52,-186.44
56,Downwards,Energy,24/06/2026,17:30,18:00,16:30,17:00,Live,500,38.1,3716.42,6.99,645.66
56,Downwards,Energy,24/06/2026,18:00,18:30,17:00,17:30,Live,500,43.5,6441.31,17.51,2560.48
56,Downwards,Energy,24/06/2026,18:30,19:00,17:30,18:00,Live,500,39.7,6294.24,15.26,2421.98
56,Downwards,Energy,24/06/2026,19:00,19:30,18:00,18:30,Live,500,41.3,7385.36,12.17,2132.27
56,Downwards,Energy,24/06/2026,19:30,20:00,18:30,19:00,Live,500,132.8,37068.07,90.04,27443.09
56,Downwards,Energy,24/06/2026,20:00,20:30,19:00,19:30,Live,500,134.4,37583.27,85.95,25579.82
56,Downwards,Energy,24/06/2026,20:30,21:00,19:30,20:00,Live,500,46.2,8421.13,12.91,2301.86
56,Downwards,Energy,24/06/2026,21:00,21:30,20:00,20:30,Live,500,45.3,8532.51,-5.39,-1083.49
56,Downwards,Energy,24/06/2026,21:30,22:00,20:30,21:00,Live,500,53,9620.51,0.11,-106.38
56,Downwards,Energy,24/06/2026,22:00,22:30,21:00,21:30,Live,500,3.1,312.22,3.72,374.69
56,Downwards,Energy,24/06/2026,22:30,23:00,21:30,22:00,Live,500,48.1,5532.9,3.72,375.46
55,Downwards,Energy,23/06/2026,17:00,17:30,16:00,16:30,Live,500,42.9,2888.21,-1.59,-37.48
55,Downwards,Energy,23/06/2026,17:30,18:00,16:30,17:00,Live,500,41,2771.83,0.99,144.75
55,Downwards,Energy,23/06/2026,18:00,18:30,17:00,17:30,Live,500,117.2,17075.81,84.91,13648.89
55,Downwards,Energy,23/06/2026,18:30,19:00,17:30,18:00,Live,500,115.6,17164.66,91.52,14509.83
55,Downwards,Energy,23/06/2026,19:00,19:30,18:00,18:30,Live,500,39,4807.68,18.52,2290.55
55,Downwards,Energy,23/06/2026,19:30,20:00,18:30,19:00,Live,500,38.1,4678.09,13.8,1688.33
55,Downwards,Energy,23/06/2026,20:00,20:30,19:00,19:30,Live,500,34.3,4252.06,19.29,2389.9
55,Downwards,Energy,23/06/2026,20:30,21:00,19:30,20:00,Live,500,38.6,4777.39,12.64,1557.3
55,Downwards,Energy,23/06/2026,21:00,21:30,20:00,20:30,Live,500,43.1,4790.01,6.86,752.89
55,Downwards,Energy,23/06/2026,21:30,22:00,20:30,21:00,Live,500,49,5456.23,16.18,1800.45
54,Downwards,Energy,22/06/2026,18:00,18:30,17:00,17:30,Live,500,41.1,3180.48,20.79,1635.71
54,Downwards,Energy,22/06/2026,18:30,19:00,17:30,18:00,Live,500,33.9,2645.22,21,1670.33
54,Downwards,Energy,22/06/2026,19:00,19:30,18:00,18:30,Live,500,35,3057.75,18.24,1592.24
54,Downwards,Energy,22/06/2026,19:30,20:00,18:30,19:00,Live,500,33.6,2934.88,16.63,1452
54,Downwards,Energy,22/06/2026,20:00,20:30,19:00,19:30,Live,500,30.2,2521.15,18.23,1523.02
54,Downwards,Energy,22/06/2026,20:30,21:00,19:30,20:00,Live,500,36.6,3060.16,18.93,1587.48
54,Downwards,Energy,22/06/2026,21:00,21:30,20:00,20:30,Live,500,38.3,3070.45,18.14,1460.41
54,Downwards,Energy,22/06/2026,21:30,22:00,20:30,21:00,Live,500,41.2,3296.32,16.55,1325.46
53,Downwards,Energy,20/06/2026,17:00,17:30,16:00,16:30,Live,500,3.5,209.51,4.08,244.24
53,Downwards,Energy,20/06/2026,17:30,18:00,16:30,17:00,Live,500,0,0,0,0
53,Downwards,Energy,20/06/2026,18:00,18:30,17:00,17:30,Live,500,4,268.52,4.68,314.17
53,Downwards,Energy,20/06/2026,18:30,19:00,17:30,18:00,Live,500,4,279.1,4.68,326.56
53,Downwards,Energy,20/06/2026,19:00,19:30,18:00,18:30,Live,500,4,306.46,4.68,358.58
53,Downwards,Energy,20/06/2026,19:30,20:00,18:30,19:00,Live,500,3.9,298.8,4.56,349.38
53,Downwards,Energy,20/06/2026,20:00,20:30,19:00,19:30,Live,500,3.7,275.5,4.32,321.68
53,Downwards,Energy,20/06/2026,20:30,21:00,19:30,20:00,Live,500,3.2,239.22,3.72,278.08
53,Downwards,Energy,20/06/2026,21:00,21:30,20:00,20:30,Live,500,3,223.37,3.48,259.08
53,Downwards,Energy,20/06/2026,21:30,22:00,20:30,21:00,Live,500,3,218.99,3.48,254.03
53,Downwards,Energy,20/06/2026,22:00,22:30,21:00,21:30,Live,500,0,0,0,0
53,Downwards,Energy,20/06/2026,22:30,23:00,21:30,22:00,Live,500,2.9,198.21,3.36,229.65
52,Downwards,Energy,18/06/2026,17:00,17:30,16:00,16:30,Live,500,0,0,0,0
52,Downwards,Energy,18/06/2026,17:30,18:00,16:30,17:00,Live,500,0,0,0,0
52,Downwards,Energy,18/06/2026,18:00,18:30,17:00,17:30,Live,500,4,270.25,0.12,8.4
52,Downwards,Energy,18/06/2026,18:30,19:00,17:30,18:00,Live,500,4,270.25,0.12,8.4
52,Downwards,Energy,18/06/2026,19:00,19:30,18:00,18:30,Live,500,98.2,8748.25,63.07,5673.89
52,Downwards,Energy,18/06/2026,19:30,20:00,18:30,19:00,Live,500,97.2,8658,58.16,5230.26
52,Downwards,Energy,18/06/2026,20:00,20:30,19:00,19:30,Live,500,4,270,0.12,8.08
52,Downwards,Energy,18/06/2026,20:30,21:00,19:30,20:00,Live,500,4,269.75,0.11,7.34
52,Downwards,Energy,18/06/2026,21:00,21:30,20:00,20:30,Live,500,4,269.75,0.11,7.24
52,Downwards,Energy,18/06/2026,21:30,22:00,20:30,21:00,Live,500,4,269.75,0.11,7.15
51,Downwards,Energy,17/06/2026,19:00,19:30,18:00,18:30,Live,500,34.1,2284.5,15,1005.19
51,Downwards,Energy,17/06/2026,19:30,20:00,18:30,19:00,Live,500,35,2344.8,14.75,988.04
51,Downwards,Energy,17/06/2026,20:00,20:30,19:00,19:30,Live,500,35,2449.5,8.13,568.28
51,Downwards,Energy,17/06/2026,20:30,21:00,19:30,20:00,Live,500,42.3,2960.5,4.83,337.25
51,Downwards,Energy,17/06/2026,21:00,21:30,20:00,20:30,Live,500,44.1,2932.5,3.77,250.63
51,Downwards,Energy,17/06/2026,21:30,22:00,20:30,21:00,Live,500,45.4,3018.95,11.62,773.07
50,Downwards,Energy,16/06/2026,19:00,19:30,18:00,18:30,Live,292,147.2,11218.74,92.66,7068.04
50,Downwards,Energy,16/06/2026,19:30,20:00,18:30,19:00,Live,292,142.2,10863.74,86.21,6584.98
50,Downwards,Energy,16/06/2026,20:00,20:30,19:00,19:30,Live,292,41,2805.04,24.38,1678.06
50,Downwards,Energy,16/06/2026,20:30,21:00,19:30,20:00,Live,292,48.9,3340.56,17.63,1217.58
50,Downwards,Energy,16/06/2026,21:00,21:30,20:00,20:30,Live,292,46.3,3095.04,5.15,362.21
50,Downwards,Energy,16/06/2026,21:30,22:00,20:30,21:00,Live,292,43.1,2880,2.64,192.18
49,Upwards,Energy,14/06/2026,11:00,11:30,10:00,10:30,Live,500,0,0,0,0
49,Upwards,Energy,14/06/2026,11:30,12:00,10:30,11:00,Live,500,0,0,0,0
49,Upwards,Energy,14/06/2026,12:00,12:30,11:00,11:30,Live,500,0,0,0,0
49,Upwards,Energy,14/06/2026,12:30,13:00,11:30,12:00,Live,500,0,0,0,0
49,Upwards,Energy,14/06/2026,13:00,13:30,12:00,12:30,Live,500,0,0,0,0
49,Upwards,Energy,14/06/2026,13:30,14:00,12:30,13:00,Live,500,0,0,0,0
49,Upwards,Energy,14/06/2026,14:00,14:30,13:00,13:30,Live,500,0,0,0,0
49,Upwards,Energy,14/06/2026,14:30,15:00,13:30,14:00,Live,500,0,0,0,0
49,Upwards,Energy,14/06/2026,15:00,15:30,14:00,14:30,Live,500,0,0,0,0
49,Upwards,Energy,14/06/2026,15:30,16:00,14:30,15:00,Live,500,0,0,0,0
48,Upwards,Energy,13/06/2026,11:00,11:30,10:00,10:30,Live,500,0,0,0,0
48,Upwards,Energy,13/06/2026,11:30,12:00,10:30,11:00,Live,500,0,0,0,0
48,Upwards,Energy,13/06/2026,12:00,12:30,11:00,11:30,Live,500,0,0,0,0
48,Upwards,Energy,13/06/2026,12:30,13:00,11:30,12:00,Live,500,0,0,0,0
48,Upwards,Energy,13/06/2026,13:00,13:30,12:00,12:30,Live,500,0,0,0,0
48,Upwards,Energy,13/06/2026,13:30,14:00,12:30,13:00,Live,500,0,0,0,0
48,Upwards,Energy,13/06/2026,14:00,14:30,13:00,13:30,Live,500,0,0,0,0
48,Upwards,Energy,13/06/2026,14:30,15:00,13:30,14:00,Live,500,0,0,0,0
48,Upwards,Energy,13/06/2026,15:00,15:30,14:00,14:30,Live,500,0,0,0,0
48,Upwards,Energy,13/06/2026,15:30,16:00,14:30,15:00,Live,500,0,0,0,0
47,Downwards,Energy,11/06/2026,17:00,17:30,16:00,16:30,Live,500,26.1,1402.2,10.37,563.79
47,Downwards,Energy,11/06/2026,17:30,18:00,16:30,17:00,Live,500,40.6,2185.2,25.03,1354.15
47,Downwards,Energy,11/06/2026,18:00,18:30,17:00,17:30,Live,500,45.8,2705.1,36.34,2144.11
47,Downwards,Energy,11/06/2026,18:30,19:00,17:30,18:00,Live,500,57.7,3407.2,42.43,2504.4
47,Downwards,Energy,11/06/2026,19:00,19:30,18:00,18:30,Live,500,30.2,1906.4,23.29,1467.07
47,Downwards,Energy,11/06/2026,19:30,20:00,18:30,19:00,Live,500,20.9,1320.5,6.63,417.55
46,Downwards,Energy,10/06/2026,18:00,18:30,17:00,17:30,Live,300,49.2,3250.05,35.48,2365.44
46,Downwards,Energy,10/06/2026,18:30,19:00,17:30,18:00,Live,300,50.2,3333.05,40.04,2663.73
46,Downwards,Energy,10/06/2026,19:00,19:30,18:00,18:30,Live,300,50.3,3609.4,34.9,2529.2
46,Downwards,Energy,10/06/2026,19:30,20:00,18:30,19:00,Live,300,50.1,3611.6,28,2033.9
46,Downwards,Energy,10/06/2026,20:00,20:30,19:00,19:30,Live,300,48,3521.9,35.77,2635.88
46,Downwards,Energy,10/06/2026,20:30,21:00,19:30,20:00,Live,300,54.3,3981.8,35.04,2581.93
45,Upwards,Energy,09/06/2026,13:00,13:30,12:00,12:30,Live,500,0,0,0,0
45,Upwards,Energy,09/06/2026,13:30,14:00,12:30,13:00,Live,500,0,0,0,0
45,Upwards,Energy,09/06/2026,14:00,14:30,13:00,13:30,Live,500,0,0,0,0
45,Upwards,Energy,09/06/2026,14:30,15:00,13:30,14:00,Live,500,0,0,0,0
45,Upwards,Energy,09/06/2026,15:00,15:30,14:00,14:30,Live,500,0,0,0,0
45,Upwards,Energy,09/06/2026,15:30,16:00,14:30,15:00,Live,500,0,0,0,0
44,Downwards,Energy,08/06/2026,17:00,17:30,16:00,16:30,Live,500,24.4,1447,0.3,35.01
44,Downwards,Energy,08/06/2026,17:30,18:00,16:30,17:00,Live,500,22.4,1335.5,1.57,102.66
44,Downwards,Energy,08/06/2026,18:00,18:30,17:00,17:30,Live,500,1.7,102,-1.7,-102
44,Downwards,Energy,08/06/2026,18:30,19:00,17:30,18:00,Live,500,1.7,102,-1.7,-102
44,Downwards,Energy,08/06/2026,19:00,19:30,18:00,18:30,Live,500,0,0,0,0
44,Downwards,Energy,08/06/2026,19:30,20:00,18:30,19:00,Live,500,0,0,0,0
44,Downwards,Energy,08/06/2026,20:00,20:30,19:00,19:30,Live,500,0,0,0,0
44,Downwards,Energy,08/06/2026,20:30,21:00,19:30,20:00,Live,500,0,0,0,0
43,Upwards,Energy,07/06/2026,11:00,11:30,10:00,10:30,Live,500,0,0,0,0
43,Upwards,Energy,07/06/2026,11:30,12:00,10:30,11:00,Live,500,0,0,0,0
43,Upwards,Energy,07/06/2026,12:00,12:30,11:00,11:30,Live,500,0,0,0,0
43,Upwards,Energy,07/06/2026,12:30,13:00,11:30,12:00,Live,500,0,0,0,0
43,Upwards,Energy,07/06/2026,13:00,13:30,12:00,12:30,Live,500,0,0,0,0
43,Upwards,Energy,07/06/2026,13:30,14:00,12:30,13:00,Live,500,0,0,0,0
43,Upwards,Energy,07/06/2026,14:00,14:30,13:00,13:30,Live,500,0,0,0,0
43,Upwards,Energy,07/06/2026,14:30,15:00,13:30,14:00,Live,500,0,0,0,0
43,Upwards,Energy,07/06/2026,15:00,15:30,14:00,14:30,Live,500,0,0,0,0
43,Upwards,Energy,07/06/2026,15:30,16:00,14:30,15:00,Live,500,0,0,0,0
42,Upwards,Energy,06/06/2026,11:00,11:30,10:00,10:30,Live,500,0,0,0,0
42,Upwards,Energy,06/06/2026,11:30,12:00,10:30,11:00,Live,500,0,0,0,0
42,Upwards,Energy,06/06/2026,12:00,12:30,11:00,11:30,Live,500,0,0,0,0
42,Upwards,Energy,06/06/2026,12:30,13:00,11:30,12:00,Live,500,0,0,0,0
42,Upwards,Energy,06/06/2026,13:00,13:30,12:00,12:30,Live,500,0,0,0,0
42,Upwards,Energy,06/06/2026,13:30,14:00,12:30,13:00,Live,500,0,0,0,0
42,Upwards,Energy,06/06/2026,14:00,14:30,13:00,13:30,Live,500,0,0,0,0
42,Upwards,Energy,06/06/2026,14:30,15:00,13:30,14:00,Live,500,0,0,0,0
41,Downwards,Energy,05/06/2026,18:00,18:30,17:00,17:30,Live,500,46.7,2895.45,41.66,2582.58
41,Downwards,Energy,05/06/2026,18:30,19:00,17:30,18:00,Live,500,41.1,2548.25,41.2,2553.95
41,Downwards,Energy,05/06/2026,19:00,19:30,18:00,18:30,Live,500,43.5,3134.15,10.13,748.02
41,Downwards,Energy,05/06/2026,19:30,20:00,18:30,19:00,Live,500,45.6,3284.3,0.05,26.14
41,Downwards,Energy,05/06/2026,20:00,20:30,19:00,19:30,Live,500,46.2,3348.1,2.56,202.99
41,Downwards,Energy,05/06/2026,20:30,21:00,19:30,20:00,Live,500,42.8,3103.3,15.79,1154.47
41,Downwards,Energy,05/06/2026,21:00,21:30,20:00,20:30,Live,500,35.4,2389.5,4.94,333.55
41,Downwards,Energy,05/06/2026,21:30,22:00,20:30,21:00,Live,500,27.8,1876.5,1.79,120.8
41,Downwards,Energy,05/06/2026,22:00,22:30,21:00,21:30,Live,500,17,1037,0,0
41,Downwards,Energy,05/06/2026,22:30,23:00,21:30,22:00,Live,500,12.7,774.7,0,0
39,Upwards,Energy,04/06/2026,11:00,11:30,10:00,10:30,Live,500,0.1,2.25,-0.04,-0.9
39,Upwards,Energy,04/06/2026,11:30,12:00,10:30,11:00,Live,500,0.1,2.25,0.07,1.65
39,Upwards,Energy,04/06/2026,12:00,12:30,11:00,11:30,Live,500,0,0,0,0
39,Upwards,Energy,04/06/2026,12:30,13:00,11:30,12:00,Live,500,0,0,0,0
39,Upwards,Energy,04/06/2026,13:00,13:30,12:00,12:30,Live,500,0,0,0,0
39,Upwards,Energy,04/06/2026,13:30,14:00,12:30,13:00,Live,500,0,0,0,0
39,Upwards,Energy,04/06/2026,14:00,14:30,13:00,13:30,Live,500,0,0,0,0
39,Upwards,Energy,04/06/2026,14:30,15:00,13:30,14:00,Live,500,0,0,0,0
39,Upwards,Energy,04/06/2026,15:00,15:30,14:00,14:30,Live,500,0,0,0,0
39,Upwards,Energy,04/06/2026,15:30,16:00,14:30,15:00,Live,500,0,0,0,0
40,Downwards,Energy,04/06/2026,18:00,18:30,17:00,17:30,Live,378,89.4,6481.5,101.08,7328.9
40,Downwards,Energy,04/06/2026,18:30,19:00,17:30,18:00,Live,378,93.2,6757,101.8,7381.82
40,Downwards,Energy,04/06/2026,19:00,19:30,18:00,18:30,Live,378,0,0,0,0
40,Downwards,Energy,04/06/2026,19:30,20:00,18:30,19:00,Live,378,0,0,0,0
40,Downwards,Energy,04/06/2026,20:00,20:30,19:00,19:30,Live,378,0,0,0,0
40,Downwards,Energy,04/06/2026,20:30,21:00,19:30,20:00,Live,378,0,0,0,0
38,Downwards,Energy,02/06/2026,16:00,16:30,15:00,15:30,Live,500,10.6,561.75,12.72,674.1
38,Downwards,Energy,02/06/2026,16:30,17:00,15:30,16:00,Live,500,13.2,699.55,13.27,703.31
38,Downwards,Energy,02/06/2026,17:00,17:30,16:00,16:30,Live,500,27,1582.75,21.56,1265.62
38,Downwards,Energy,02/06/2026,17:30,18:00,16:30,17:00,Live,500,25,1470.75,20.19,1188.08
38,Downwards,Energy,02/06/2026,18:00,18:30,17:00,17:30,Live,500,35.7,2323.85,19.86,1293.87
38,Downwards,Energy,02/06/2026,18:30,19:00,17:30,18:00,Live,500,25,1636.2,19.1,1249.32
38,Downwards,Energy,02/06/2026,19:00,19:30,18:00,18:30,Live,500,0.1,5.25,0.12,6.3
38,Downwards,Energy,02/06/2026,19:30,20:00,18:30,19:00,Live,500,0.1,5.25,0.12,6.3
38,Downwards,Energy,02/06/2026,20:00,20:30,19:00,19:30,Live,500,0.1,5.25,0.12,6.3
38,Downwards,Energy,02/06/2026,20:30,21:00,19:30,20:00,Live,500,0.1,5.25,0.12,6.3
37,Downwards,Energy,31/05/2026,16:00,16:30,15:00,15:30,Live,500,0,0,0,0
37,Downwards,Energy,31/05/2026,16:30,17:00,15:30,16:00,Live,500,0,0,0,0
37,Downwards,Energy,31/05/2026,17:00,17:30,16:00,16:30,Live,500,0,0,0,0
37,Downwards,Energy,31/05/2026,17:30,18:00,16:30,17:00,Live,500,0,0,0,0
37,Downwards,Energy,31/05/2026,18:00,18:30,17:00,17:30,Live,500,0,0,0,0
37,Downwards,Energy,31/05/2026,18:30,19:00,17:30,18:00,Live,500,0,0,0,0
37,Downwards,Energy,31/05/2026,19:00,19:30,18:00,18:30,Live,500,0,0,0,0
37,Downwards,Energy,31/05/2026,19:30,20:00,18:30,19:00,Live,500,0,0,0,0
37,Downwards,Energy,31/05/2026,20:00,20:30,19:00,19:30,Live,500,0,0,0,0
37,Downwards,Energy,31/05/2026,20:30,21:00,19:30,20:00,Live,500,0,0,0,0
36,Upwards,Energy,30/05/2026,11:00,11:30,10:00,10:30,Live,300,0,0,0,0
36,Upwards,Energy,30/05/2026,11:30,12:00,10:30,11:00,Live,300,0,0,0,0
36,Upwards,Energy,30/05/2026,12:00,12:30,11:00,11:30,Live,300,0,0,0,0
36,Upwards,Energy,30/05/2026,12:30,13:00,11:30,12:00,Live,300,0,0,0,0
36,Upwards,Energy,30/05/2026,13:00,13:30,12:00,12:30,Live,300,0,0,0,0
36,Upwards,Energy,30/05/2026,13:30,14:00,12:30,13:00,Live,300,0,0,0,0
36,Upwards,Energy,30/05/2026,14:00,14:30,13:00,13:30,Live,300,0,0,0,0
36,Upwards,Energy,30/05/2026,14:30,15:00,13:30,14:00,Live,300,0,0,0,0
36,Upwards,Energy,30/05/2026,15:00,15:30,14:00,14:30,Live,300,0,0,0,0
36,Upwards,Energy,30/05/2026,15:30,16:00,14:30,15:00,Live,300,0,0,0,0
35,Downwards,Energy,29/05/2026,17:00,17:30,16:00,16:30,Live,500,2.5,118.75,-0.72,-34.11
35,Downwards,Energy,29/05/2026,17:30,18:00,16:30,17:00,Live,500,2.5,118.75,-1.06,-50.27
35,Downwards,Energy,29/05/2026,18:00,18:30,17:00,17:30,Live,500,2.5,118.75,-0.95,-44.92
35,Downwards,Energy,29/05/2026,18:30,19:00,17:30,18:00,Live,500,2.5,118.75,-0.96,-45.79
35,Downwards,Energy,29/05/2026,19:00,19:30,18:00,18:30,Live,500,4.3,333.25,4.57,354.5
35,Downwards,Energy,29/05/2026,19:30,20:00,18:30,19:00,Live,500,4.3,333.25,4.3,333.87
35,Downwards,Energy,29/05/2026,20:00,20:30,19:00,19:30,Live,500,4.3,333.25,4.12,320.1
35,Downwards,Energy,29/05/2026,20:30,21:00,19:30,20:00,Live,500,4.3,333.25,3.87,300.04
35,Downwards,Energy,29/05/2026,21:00,21:30,20:00,20:30,Live,500,0,0,0,0
35,Downwards,Energy,29/05/2026,21:30,22:00,20:30,21:00,Live,500,0,0,0,0
34,Upwards,Energy,28/05/2026,11:00,11:30,10:00,10:30,Live,500,0,0,0,0
34,Upwards,Energy,28/05/2026,11:30,12:00,10:30,11:00,Live,500,0,0,0,0
34,Upwards,Energy,28/05/2026,12:00,12:30,11:00,11:30,Live,500,0,0,0,0
34,Upwards,Energy,28/05/2026,12:30,13:00,11:30,12:00,Live,500,0,0,0,0
34,Upwards,Energy,28/05/2026,13:00,13:30,12:00,12:30,Live,500,0,0,0,0
34,Upwards,Energy,28/05/2026,13:30,14:00,12:30,13:00,Live,500,0,0,0,0
34,Upwards,Energy,28/05/2026,14:00,14:30,13:00,13:30,Live,500,0,0,0,0
34,Upwards,Energy,28/05/2026,14:30,15:00,13:30,14:00,Live,500,0,0,0,0
33,Downwards,Energy,27/05/2026,16:00,16:30,15:00,15:30,Live,500,25.5,1198.5,-11,-517.7
33,Downwards,Energy,27/05/2026,16:30,17:00,15:30,16:00,Live,500,27.7,1301.9,-9.54,-448.02
33,Downwards,Energy,27/05/2026,17:00,17:30,16:00,16:30,Live,500,0,0,0,0
33,Downwards,Energy,27/05/2026,17:30,18:00,16:30,17:00,Live,500,0,0,0,0
33,Downwards,Energy,27/05/2026,18:00,18:30,17:00,17:30,Live,500,0,0,0,0
33,Downwards,Energy,27/05/2026,18:30,19:00,17:30,18:00,Live,500,0,0,0,0
33,Downwards,Energy,27/05/2026,19:00,19:30,18:00,18:30,Live,500,0,0,0,0
33,Downwards,Energy,27/05/2026,19:30,20:00,18:30,19:00,Live,500,0,0,0,0
33,Downwards,Energy,27/05/2026,20:00,20:30,19:00,19:30,Live,500,0,0,0,0
33,Downwards,Energy,27/05/2026,20:30,21:00,19:30,20:00,Live,500,0,0,0,0
33,Downwards,Energy,27/05/2026,21:00,21:30,20:00,20:30,Live,500,0,0,0,0
33,Downwards,Energy,27/05/2026,21:30,22:00,20:30,21:00,Live,500,0,0,0,0
33,Downwards,Energy,27/05/2026,22:00,22:30,21:00,21:30,Live,500,0,0,0,0
33,Downwards,Energy,27/05/2026,22:30,23:00,21:30,22:00,Live,500,0,0,0,0
32,Upwards,Energy,26/05/2026,13:00,13:30,12:00,12:30,Live,300,0,0,0,0
32,Upwards,Energy,26/05/2026,13:30,14:00,12:30,13:00,Live,300,0,0,0,0
32,Upwards,Energy,26/05/2026,14:00,14:30,13:00,13:30,Live,300,0,0,0,0
32,Upwards,Energy,26/05/2026,14:30,15:00,13:30,14:00,Live,300,0,0,0,0
31,Upwards,Energy,24/05/2026,11:00,11:30,10:00,10:30,Live,500,0,0,0,0
31,Upwards,Energy,24/05/2026,11:30,12:00,10:30,11:00,Live,500,0,0,0,0
31,Upwards,Energy,24/05/2026,12:00,12:30,11:00,11:30,Live,500,0.1,2,0.05,0.97
31,Upwards,Energy,24/05/2026,12:30,13:00,11:30,12:00,Live,500,0.1,2,0.04,0.7
31,Upwards,Energy,24/05/2026,13:00,13:30,12:00,12:30,Live,500,0.1,2,0.05,0.99
31,Upwards,Energy,24/05/2026,13:30,14:00,12:30,13:00,Live,500,0.1,2,0.04,0.85
31,Upwards,Energy,24/05/2026,14:00,14:30,13:00,13:30,Live,500,0.1,1,0,0
31,Upwards,Energy,24/05/2026,14:30,15:00,13:30,14:00,Live,500,0.1,1,0,-0.01
31,Upwards,Energy,24/05/2026,15:00,15:30,14:00,14:30,Live,500,0,0,0,0
31,Upwards,Energy,24/05/2026,15:30,16:00,14:30,15:00,Live,500,0,0,0,0
30,Upwards,Energy,23/05/2026,11:00,11:30,10:00,10:30,Live,500,0,0,0,0
30,Upwards,Energy,23/05/2026,11:30,12:00,10:30,11:00,Live,500,0,0,0,0
30,Upwards,Energy,23/05/2026,12:00,12:30,11:00,11:30,Live,500,0,0,0,0
30,Upwards,Energy,23/05/2026,12:30,13:00,11:30,12:00,Live,500,0,0,0,0
30,Upwards,Energy,23/05/2026,13:00,13:30,12:00,12:30,Live,500,0,0,0,0
30,Upwards,Energy,23/05/2026,13:30,14:00,12:30,13:00,Live,500,0,0,0,0
30,Upwards,Energy,23/05/2026,14:00,14:30,13:00,13:30,Live,500,0,0,0,0
30,Upwards,Energy,23/05/2026,14:30,15:00,13:30,14:00,Live,500,0,0,0,0
30,Upwards,Energy,23/05/2026,15:00,15:30,14:00,14:30,Live,500,0,0,0,0
30,Upwards,Energy,23/05/2026,15:30,16:00,14:30,15:00,Live,500,0,0,0,0
29,Downwards,Energy,21/05/2026,18:00,18:30,17:00,17:30,Live,300,107.3,7490.85,78.65,5756.17
29,Downwards,Energy,21/05/2026,18:30,19:00,17:30,18:00,Live,300,111,7751.55,82.83,6047.24
29,Downwards,Energy,21/05/2026,19:00,19:30,18:00,18:30,Live,300,47.8,3331.25,14.17,991.65
29,Downwards,Energy,21/05/2026,19:30,20:00,18:30,19:00,Live,300,49.6,3453.65,14.31,995.41
29,Downwards,Energy,21/05/2026,20:00,20:30,19:00,19:30,Live,300,47,3359.25,13.83,983.53
29,Downwards,Energy,21/05/2026,20:30,21:00,19:30,20:00,Live,300,33.5,2345,14.98,1049.33
28,Downwards,Energy,19/05/2026,18:00,18:30,17:00,17:30,Live,400,0,0,0,0
28,Downwards,Energy,19/05/2026,18:30,19:00,17:30,18:00,Live,400,0,0,0,0
28,Downwards,Energy,19/05/2026,19:00,19:30,18:00,18:30,Live,500,4,240,4.05,242.95
28,Downwards,Energy,19/05/2026,19:30,20:00,18:30,19:00,Live,500,4,240,3.56,213.55
28,Downwards,Energy,19/05/2026,20:00,20:30,19:00,19:30,Live,400,25.1,1558.75,11.68,721.95
28,Downwards,Energy,19/05/2026,20:30,21:00,19:30,20:00,Live,400,17.2,1065,8.97,550.42
27,Downwards,Energy,18/05/2026,16:00,16:30,15:00,15:30,Live,500,41.5,2386.25,4.19,241.44
27,Downwards,Energy,18/05/2026,16:30,17:00,15:30,16:00,Live,500,45.9,2639.25,19.81,1139.87
27,Downwards,Energy,18/05/2026,17:00,17:30,16:00,16:30,Live,500,48.1,2993.5,20.84,1291.88
27,Downwards,Energy,18/05/2026,17:30,18:00,16:30,17:00,Live,500,56.2,3489.75,5.67,329.11
27,Downwards,Energy,18/05/2026,18:00,18:30,17:00,17:30,Live,500,57.8,4086.85,12.99,872.13
27,Downwards,Energy,18/05/2026,18:30,19:00,17:30,18:00,Live,500,53.9,3797.85,17.77,1205.11
27,Downwards,Energy,18/05/2026,19:00,19:30,18:00,18:30,Live,500,47.7,3397.75,17.46,1197.61
27,Downwards,Energy,18/05/2026,19:30,20:00,18:30,19:00,Live,500,35.9,2548.15,16.73,1143.38
27,Downwards,Energy,18/05/2026,20:00,20:30,19:00,19:30,Live,500,30.7,2100.25,21.32,1423.97
27,Downwards,Energy,18/05/2026,20:30,21:00,19:30,20:00,Live,500,43.2,2956.5,11.81,779.95
27,Downwards,Energy,18/05/2026,21:00,21:30,20:00,20:30,Live,500,22.6,1382.5,9.52,559.44
27,Downwards,Energy,18/05/2026,21:30,22:00,20:30,21:00,Live,500,13,782.5,9.33,547.22
25,Upwards,Energy,17/05/2026,13:00,13:30,12:00,12:30,Live,500,0,0,0,0
25,Upwards,Energy,17/05/2026,13:30,14:00,12:30,13:00,Live,500,0,0,0,0
25,Upwards,Energy,17/05/2026,14:00,14:30,13:00,13:30,Live,500,0,0,0,0
25,Upwards,Energy,17/05/2026,14:30,15:00,13:30,14:00,Live,500,0,0,0,0
26,Downwards,Energy,17/05/2026,19:00,19:30,18:00,18:30,Live,500,0,0,0,0
26,Downwards,Energy,17/05/2026,19:30,20:00,18:30,19:00,Live,500,0,0,0,0
26,Downwards,Energy,17/05/2026,20:00,20:30,19:00,19:30,Live,500,0,0,0,0
26,Downwards,Energy,17/05/2026,20:30,21:00,19:30,20:00,Live,500,0,0,0,0
26,Downwards,Energy,17/05/2026,21:00,21:30,20:00,20:30,Live,500,0,0,0,0
26,Downwards,Energy,17/05/2026,21:30,22:00,20:30,21:00,Live,500,0,0,0,0
24,Downwards,Energy,15/05/2026,19:00,19:30,18:00,18:30,Live,500,34.9,2181.25,-16.39,-1024.12
24,Downwards,Energy,15/05/2026,19:30,20:00,18:30,19:00,Live,500,23.2,1450,-10.59,-662.11
24,Downwards,Energy,15/05/2026,20:00,20:30,19:00,19:30,Live,500,17.4,1131.5,6.16,401.74
24,Downwards,Energy,15/05/2026,20:30,21:00,19:30,20:00,Live,500,28.7,1866,9.79,636.43
24,Downwards,Energy,15/05/2026,21:00,21:30,20:00,20:30,Live,500,23.6,1498.6,10.27,651.93
24,Downwards,Energy,15/05/2026,21:30,22:00,20:30,21:00,Live,500,23.6,1498.6,2.11,133.74
23,Downwards,Energy,13/05/2026,16:00,16:30,15:00,15:30,Live,500,27.7,1426.55,9.38,483.06
23,Downwards,Energy,13/05/2026,16:30,17:00,15:30,16:00,Live,500,30.7,1581.05,12.39,638.18
23,Downwards,Energy,13/05/2026,17:00,17:30,16:00,16:30,Live,500,33,1831.5,7.29,404.47
23,Downwards,Energy,13/05/2026,17:30,18:00,16:30,17:00,Live,500,43.8,2430.9,5.3,293.78
23,Downwards,Energy,13/05/2026,18:00,18:30,17:00,17:30,Live,500,49,3053.5,11.74,730.12
23,Downwards,Energy,13/05/2026,18:30,19:00,17:30,18:00,Live,500,49.6,3091,12.06,750.6
23,Downwards,Energy,13/05/2026,19:00,19:30,18:00,18:30,Live,500,39.6,2741.25,20.55,1423.56
23,Downwards,Energy,13/05/2026,19:30,20:00,18:30,19:00,Live,500,26.2,1830.05,21.08,1457.31
23,Downwards,Energy,13/05/2026,20:00,20:30,19:00,19:30,Live,500,16.2,1036.8,11.37,727.4
23,Downwards,Energy,13/05/2026,20:30,21:00,19:30,20:00,Live,500,27.3,1747.2,19.18,1227.22
23,Downwards,Energy,13/05/2026,21:00,21:30,20:00,20:30,Live,500,12.4,744,2.88,173.17
23,Downwards,Energy,13/05/2026,21:30,22:00,20:30,21:00,Live,500,12.4,744,2.95,177.05
22,Downwards,Energy,11/05/2026,17:00,17:30,16:00,16:30,Live,500,45.8,2406.5,-8.24,-433.51
22,Downwards,Energy,11/05/2026,17:30,18:00,16:30,17:00,Live,500,50.5,2653.25,-7.96,-419.19
22,Downwards,Energy,11/05/2026,18:00,18:30,17:00,17:30,Live,500,50.9,2973.45,-6.26,-365.65
22,Downwards,Energy,11/05/2026,18:30,19:00,17:30,18:00,Live,500,47.2,2757,-2.35,-137.77
22,Downwards,Energy,11/05/2026,19:00,19:30,18:00,18:30,Live,500,23.4,1404,-12.41,-744.02
22,Downwards,Energy,11/05/2026,19:30,20:00,18:30,19:00,Live,500,8.1,486,-4.54,-272.4
22,Downwards,Energy,11/05/2026,20:00,20:30,19:00,19:30,Live,500,5.9,368.75,-3.03,-189.45
22,Downwards,Energy,11/05/2026,20:30,21:00,19:30,20:00,Live,500,8.5,531.25,-3.34,-208.21
21,Upwards,Energy,10/05/2026,13:00,13:30,12:00,12:30,Live,500,0,0,0,0
21,Upwards,Energy,10/05/2026,13:30,14:00,12:30,13:00,Live,500,0,0,0,0
21,Upwards,Energy,10/05/2026,14:00,14:30,13:00,13:30,Live,500,0,0,0,0
21,Upwards,Energy,10/05/2026,14:30,15:00,13:30,14:00,Live,500,0,0,0,0
21,Upwards,Energy,10/05/2026,15:00,15:30,14:00,14:30,Live,500,0,0,0,0
21,Upwards,Energy,10/05/2026,15:30,16:00,14:30,15:00,Live,500,0,0,0,0
20,Upwards,Energy,09/05/2026,14:00,14:30,13:00,13:30,Live,300,0,0,0,0
20,Upwards,Energy,09/05/2026,14:30,15:00,13:30,14:00,Live,300,0,0,0,0
19,Downwards,Energy,08/05/2026,19:00,19:30,18:00,18:30,Live,500,0,0,0,0
19,Downwards,Energy,08/05/2026,19:30,20:00,18:30,19:00,Live,500,0,0,0,0
18,Downwards,Energy,07/05/2026,15:00,15:30,14:00,14:30,Live,500,0,0,0,0
18,Downwards,Energy,07/05/2026,15:30,16:00,14:30,15:00,Live,500,4.3,204.25,-2.68,-127.3
18,Downwards,Energy,07/05/2026,16:00,16:30,15:00,15:30,Live,500,32.9,1728.6,9.98,523.54
18,Downwards,Energy,07/05/2026,16:30,17:00,15:30,16:00,Live,500,30.1,1580.25,4.78,250.85
18,Downwards,Energy,07/05/2026,17:00,17:30,16:00,16:30,Live,500,37.8,2226.05,0.61,36.09
18,Downwards,Energy,07/05/2026,17:30,18:00,16:30,17:00,Live,500,42.5,2501,-0.34,-19.35
18,Downwards,Energy,07/05/2026,18:00,18:30,17:00,17:30,Live,500,47.4,3116.9,12.01,793.4
18,Downwards,Energy,07/05/2026,18:30,19:00,17:30,18:00,Live,500,43.9,2885.9,16.01,1056.57
18,Downwards,Energy,07/05/2026,19:00,19:30,18:00,18:30,Live,500,44.4,3018.9,19.29,1311.67
18,Downwards,Energy,07/05/2026,19:30,20:00,18:30,19:00,Live,500,44.4,3018.9,29.22,1987.06
18,Downwards,Energy,07/05/2026,20:00,20:30,19:00,19:30,Live,500,44.4,2974.6,33.81,2264.67
18,Downwards,Energy,07/05/2026,20:30,21:00,19:30,20:00,Live,500,44.4,2974.6,29.85,2000.35
18,Downwards,Energy,07/05/2026,21:00,21:30,20:00,20:30,Live,500,35.9,2279.8,29.01,1841.79
18,Downwards,Energy,07/05/2026,21:30,22:00,20:30,21:00,Live,500,24.7,1568.45,26.62,1690.51
17,Downwards,Energy,06/05/2026,18:00,18:30,17:00,17:30,Live,500,44.4,3003.6,12.35,830.93
17,Downwards,Energy,06/05/2026,18:30,19:00,17:30,18:00,Live,500,41.5,2806.4,13.57,914.1
17,Downwards,Energy,06/05/2026,19:00,19:30,18:00,18:30,Live,500,43.3,2966.05,12.84,879.41
17,Downwards,Energy,06/05/2026,19:30,20:00,18:30,19:00,Live,500,43.3,2966.05,17.65,1209.45
17,Downwards,Energy,06/05/2026,20:00,20:30,19:00,19:30,Live,500,41.3,2684.5,18.2,1182.73
17,Downwards,Energy,06/05/2026,20:30,21:00,19:30,20:00,Live,500,34.1,2216.5,17.88,1161.97
17,Downwards,Energy,06/05/2026,21:00,21:30,20:00,20:30,Live,500,32.9,2006.9,-30.14,-1838.72
17,Downwards,Energy,06/05/2026,21:30,22:00,20:30,21:00,Live,500,32.9,2006.9,-28.4,-1732.45
16,Upwards,Energy,02/05/2026,11:00,11:30,10:00,10:30,Live,500,0,0,0,0
16,Upwards,Energy,02/05/2026,11:30,12:00,10:30,11:00,Live,500,0,0,0,0
16,Upwards,Energy,02/05/2026,12:00,12:30,11:00,11:30,Live,500,0,0,0,0
16,Upwards,Energy,02/05/2026,12:30,13:00,11:30,12:00,Live,500,0,0,0,0
16,Upwards,Energy,02/05/2026,13:00,13:30,12:00,12:30,Live,500,0,0,0,0
16,Upwards,Energy,02/05/2026,13:30,14:00,12:30,13:00,Live,500,0,0,0,0
16,Upwards,Energy,02/05/2026,14:00,14:30,13:00,13:30,Live,500,0,0,0,0
16,Upwards,Energy,02/05/2026,14:30,15:00,13:30,14:00,Live,500,0,0,0,0
16,Upwards,Energy,02/05/2026,15:00,15:30,14:00,14:30,Live,500,0,0,0,0
16,Upwards,Energy,02/05/2026,15:30,16:00,14:30,15:00,Live,500,0,0,0,0
15,Upwards,Energy,01/05/2026,12:00,12:30,11:00,11:30,Live,500,0,0,0,0
15,Upwards,Energy,01/05/2026,12:30,13:00,11:30,12:00,Live,500,0,0,0,0
15,Upwards,Energy,01/05/2026,13:00,13:30,12:00,12:30,Live,500,0,0,0,0
15,Upwards,Energy,01/05/2026,13:30,14:00,12:30,13:00,Live,500,0,0,0,0
15,Upwards,Energy,01/05/2026,14:00,14:30,13:00,13:30,Live,500,0.1,2,0.08,1.56
15,Upwards,Energy,01/05/2026,14:30,15:00,13:30,14:00,Live,500,0,0,0,0
15,Upwards,Energy,01/05/2026,15:00,15:30,14:00,14:30,Live,500,0,0,0,0
15,Upwards,Energy,01/05/2026,15:30,16:00,14:30,15:00,Live,500,0,0,0,0
14,Upwards,Energy,30/04/2026,12:00,12:30,11:00,11:30,Live,500,0,0,0,0
14,Upwards,Energy,30/04/2026,12:30,13:00,11:30,12:00,Live,500,0,0,0,0
14,Upwards,Energy,30/04/2026,13:00,13:30,12:00,12:30,Live,500,0,0,0,0
14,Upwards,Energy,30/04/2026,13:30,14:00,12:30,13:00,Live,500,0,0,0,0
14,Upwards,Energy,30/04/2026,14:00,14:30,13:00,13:30,Live,500,0,0,0,0
14,Upwards,Energy,30/04/2026,14:30,15:00,13:30,14:00,Live,500,0,0,0,0
14,Upwards,Energy,30/04/2026,15:00,15:30,14:00,14:30,Live,500,0.1,1.25,0.11,1.31
14,Upwards,Energy,30/04/2026,15:30,16:00,14:30,15:00,Live,500,0,0,0,0
13,Upwards,Energy,29/04/2026,11:00,11:30,10:00,10:30,Live,500,0,0,0,0
13,Upwards,Energy,29/04/2026,11:30,12:00,10:30,11:00,Live,500,0,0,0,0
13,Upwards,Energy,29/04/2026,12:00,12:30,11:00,11:30,Live,500,0,0,0,0
13,Upwards,Energy,29/04/2026,12:30,13:00,11:30,12:00,Live,500,0,0,0,0
13,Upwards,Energy,29/04/2026,13:00,13:30,12:00,12:30,Live,500,0,0,0,0
13,Upwards,Energy,29/04/2026,13:30,14:00,12:30,13:00,Live,500,0,0,0,0
13,Upwards,Energy,29/04/2026,14:00,14:30,13:00,13:30,Live,500,0,0,0,0
13,Upwards,Energy,29/04/2026,14:30,15:00,13:30,14:00,Live,500,0,0,0,0
13,Upwards,Energy,29/04/2026,15:00,15:30,14:00,14:30,Live,500,0,0,0,0
13,Upwards,Energy,29/04/2026,15:30,16:00,14:30,15:00,Live,500,0,0,0,0
12,Downwards,Energy,27/04/2026,17:00,17:30,16:00,16:30,Live,500,49.7,2783.2,12.33,690.43
12,Downwards,Energy,27/04/2026,17:30,18:00,16:30,17:00,Live,500,48.9,2738.4,11.74,657.46
12,Downwards,Energy,27/04/2026,18:00,18:30,17:00,17:30,Live,500,47.5,3156.15,16.08,1070.67
12,Downwards,Energy,27/04/2026,18:30,19:00,17:30,18:00,Live,500,48.9,3249.25,0,-0.04
12,Downwards,Energy,27/04/2026,19:00,19:30,18:00,18:30,Live,500,38.4,2592,4.32,292.5
12,Downwards,Energy,27/04/2026,19:30,20:00,18:30,19:00,Live,500,33.2,2241,4.08,275.65
12,Downwards,Energy,27/04/2026,20:00,20:30,19:00,19:30,Live,500,15.2,980.4,0,0
12,Downwards,Energy,27/04/2026,20:30,21:00,19:30,20:00,Live,500,0,0,0,0
10,Upwards,Energy,26/04/2026,11:00,11:30,10:00,10:30,Live,500,0,0,0,0
10,Upwards,Energy,26/04/2026,11:30,12:00,10:30,11:00,Live,500,0,0,0,0
10,Upwards,Energy,26/04/2026,12:00,12:30,11:00,11:30,Live,500,0,0,0,0
10,Upwards,Energy,26/04/2026,12:30,13:00,11:30,12:00,Live,500,0,0,0,0
10,Upwards,Energy,26/04/2026,13:00,13:30,12:00,12:30,Live,500,0,0,0,0
10,Upwards,Energy,26/04/2026,13:30,14:00,12:30,13:00,Live,500,0,0,0,0
10,Upwards,Energy,26/04/2026,14:00,14:30,13:00,13:30,Live,500,0,0,0,0
10,Upwards,Energy,26/04/2026,14:30,15:00,13:30,14:00,Live,500,0,0,0,0
10,Upwards,Energy,26/04/2026,15:00,15:30,14:00,14:30,Live,500,0,0,0,0
10,Upwards,Energy,26/04/2026,15:30,16:00,14:30,15:00,Live,500,0,0,0,0
11,Downwards,Energy,26/04/2026,18:00,18:30,17:00,17:30,Live,500,0,0,0,0
11,Downwards,Energy,26/04/2026,18:30,19:00,17:30,18:00,Live,500,0,0,0,0
11,Downwards,Energy,26/04/2026,19:00,19:30,18:00,18:30,Live,500,0,0,0,0
11,Downwards,Energy,26/04/2026,19:30,20:00,18:30,19:00,Live,500,0,0,0,0
11,Downwards,Energy,26/04/2026,20:00,20:30,19:00,19:30,Live,500,0,0,0,0
11,Downwards,Energy,26/04/2026,20:30,21:00,19:30,20:00,Live,500,0,0,0,0
11,Downwards,Energy,26/04/2026,21:00,21:30,20:00,20:30,Live,500,0,0,0,0
11,Downwards,Energy,26/04/2026,21:30,22:00,20:30,21:00,Live,500,0,0,0,0
9,Upwards,Energy,25/04/2026,11:00,11:30,10:00,10:30,Live,500,0,0,0,0
9,Upwards,Energy,25/04/2026,11:30,12:00,10:30,11:00,Live,500,0,0,0,0
9,Upwards,Energy,25/04/2026,12:00,12:30,11:00,11:30,Live,500,0,0,0,0
9,Upwards,Energy,25/04/2026,12:30,13:00,11:30,12:00,Live,500,0,0,0,0
9,Upwards,Energy,25/04/2026,13:00,13:30,12:00,12:30,Live,500,0,0,0,0
9,Upwards,Energy,25/04/2026,13:30,14:00,12:30,13:00,Live,500,0,0,0,0
9,Upwards,Energy,25/04/2026,14:00,14:30,13:00,13:30,Live,500,0,0,0,0
9,Upwards,Energy,25/04/2026,14:30,15:00,13:30,14:00,Live,500,0,0,0,0
9,Upwards,Energy,25/04/2026,15:00,15:30,14:00,14:30,Live,500,0,0,0,0
9,Upwards,Energy,25/04/2026,15:30,16:00,14:30,15:00,Live,500,0,0,0,0
8,Upwards,Energy,24/04/2026,12:00,12:30,11:00,11:30,Live,250,0,0,0,0
8,Upwards,Energy,24/04/2026,12:30,13:00,11:30,12:00,Live,250,0,0,0,0
8,Upwards,Energy,24/04/2026,13:00,13:30,12:00,12:30,Live,250,0,0,0,0
8,Upwards,Energy,24/04/2026,13:30,14:00,12:30,13:00,Live,250,0,0,0,0
8,Upwards,Energy,24/04/2026,14:00,14:30,13:00,13:30,Live,250,0,0,0,0
8,Upwards,Energy,24/04/2026,14:30,15:00,13:30,14:00,Live,250,0,0,0,0
8,Upwards,Energy,24/04/2026,15:00,15:30,14:00,14:30,Live,250,0,0,0,0
8,Upwards,Energy,24/04/2026,15:30,16:00,14:30,15:00,Live,250,0,0,0,0
7,Upwards,Energy,22/04/2026,11:00,11:30,10:00,10:30,Live,500,0,0,0,0
7,Upwards,Energy,22/04/2026,11:30,12:00,10:30,11:00,Live,500,0,0,0,0
7,Upwards,Energy,22/04/2026,12:00,12:30,11:00,11:30,Live,500,0,0,0,0
7,Upwards,Energy,22/04/2026,12:30,13:00,11:30,12:00,Live,500,0,0,0,0
7,Upwards,Energy,22/04/2026,13:00,13:30,12:00,12:30,Live,500,0,0,0,0
7,Upwards,Energy,22/04/2026,13:30,14:00,12:30,13:00,Live,500,0,0,0,0
7,Upwards,Energy,22/04/2026,14:00,14:30,13:00,13:30,Live,500,0,0,0,0
7,Upwards,Energy,22/04/2026,14:30,15:00,13:30,14:00,Live,500,0,0,0,0
7,Upwards,Energy,22/04/2026,15:00,15:30,14:00,14:30,Live,500,0,0,0,0
7,Upwards,Energy,22/04/2026,15:30,16:00,14:30,15:00,Live,500,0,0,0,0
6,Upwards,Energy,19/04/2026,11:00,11:30,10:00,10:30,Live,500,0,0,0,0
6,Upwards,Energy,19/04/2026,11:30,12:00,10:30,11:00,Live,500,0,0,0,0
6,Upwards,Energy,19/04/2026,12:00,12:30,11:00,11:30,Live,500,0,0,0,0
6,Upwards,Energy,19/04/2026,12:30,13:00,11:30,12:00,Live,500,0,0,0,0
6,Upwards,Energy,19/04/2026,13:00,13:30,12:00,12:30,Live,500,0,0,0,0
6,Upwards,Energy,19/04/2026,13:30,14:00,12:30,13:00,Live,500,0,0,0,0
6,Upwards,Energy,19/04/2026,14:00,14:30,13:00,13:30,Live,500,0,0,0,0
6,Upwards,Energy,19/04/2026,14:30,15:00,13:30,14:00,Live,500,0,0,0,0
6,Upwards,Energy,19/04/2026,15:00,15:30,14:00,14:30,Live,500,0,0,0,0
6,Upwards,Energy,19/04/2026,15:30,16:00,14:30,15:00,Live,500,0,0,0,0
5,Downwards,Energy,18/04/2026,17:00,17:30,16:00,16:30,Live,500,0,0,0,0
5,Downwards,Energy,18/04/2026,17:30,18:00,16:30,17:00,Live,500,0,0,0,0
5,Downwards,Energy,18/04/2026,18:00,18:30,17:00,17:30,Live,500,0,0,0,0
5,Downwards,Energy,18/04/2026,18:30,19:00,17:30,18:00,Live,500,0,0,0,0
5,Downwards,Energy,18/04/2026,19:00,19:30,18:00,18:30,Live,500,0,0,0,0
5,Downwards,Energy,18/04/2026,19:30,20:00,18:30,19:00,Live,500,0,0,0,0
5,Downwards,Energy,18/04/2026,20:00,20:30,19:00,19:30,Live,500,0,0,0,0
5,Downwards,Energy,18/04/2026,20:30,21:00,19:30,20:00,Live,500,0,0,0,0
5,Downwards,Energy,18/04/2026,21:00,21:30,20:00,20:30,Live,500,0,0,0,0
5,Downwards,Energy,18/04/2026,21:30,22:00,20:30,21:00,Live,500,0,0,0,0
5,Downwards,Energy,18/04/2026,22:00,22:30,21:00,21:30,Live,500,0,0,0,0
5,Downwards,Energy,18/04/2026,22:30,23:00,21:30,22:00,Live,500,0,0,0,0
4,Downwards,Energy,17/04/2026,16:00,16:30,15:00,15:30,Live,500,0,0,0,0
4,Downwards,Energy,17/04/2026,16:30,17:00,15:30,16:00,Live,500,0,0,0,0
4,Downwards,Energy,17/04/2026,17:00,17:30,16:00,16:30,Live,500,21.2,1102.4,-3.49,-181.47
4,Downwards,Energy,17/04/2026,17:30,18:00,16:30,17:00,Live,500,25.5,1326,-6.18,-321.5
4,Downwards,Energy,17/04/2026,18:00,18:30,17:00,17:30,Live,500,25.7,1477.75,8.19,470.9
4,Downwards,Energy,17/04/2026,18:30,19:00,17:30,18:00,Live,500,36,1890,3.24,170.35
4,Downwards,Energy,17/04/2026,19:00,19:30,18:00,18:30,Live,500,7.4,407,0,0
4,Downwards,Energy,17/04/2026,19:30,20:00,18:30,19:00,Live,500,7.8,429,0,0
4,Downwards,Energy,17/04/2026,20:00,20:30,19:00,19:30,Live,500,7.5,412.5,0,0
4,Downwards,Energy,17/04/2026,20:30,21:00,19:30,20:00,Live,500,5.9,324.5,0,0
4,Downwards,Energy,17/04/2026,21:00,21:30,20:00,20:30,Live,500,0,0,0,0
4,Downwards,Energy,17/04/2026,21:30,22:00,20:30,21:00,Live,500,0,0,0,0
4,Downwards,Energy,17/04/2026,22:00,22:30,21:00,21:30,Live,500,0,0,0,0
4,Downwards,Energy,17/04/2026,22:30,23:00,21:30,22:00,Live,500,0,0,0,0
3,Downwards,Energy,16/04/2026,17:00,17:30,16:00,16:30,Live,500,29.3,1714.05,-4.26,-249.28
3,Downwards,Energy,16/04/2026,17:30,18:00,16:30,17:00,Live,500,33.5,1959.75,4.63,270.97
3,Downwards,Energy,16/04/2026,18:00,18:30,17:00,17:30,Live,500,34.9,2285.95,1.2,78.8
3,Downwards,Energy,16/04/2026,18:30,19:00,17:30,18:00,Live,500,44.5,2692.25,0,0
3,Downwards,Energy,16/04/2026,19:00,19:30,18:00,18:30,Live,500,27,1687.5,0,0
3,Downwards,Energy,16/04/2026,19:30,20:00,18:30,19:00,Live,500,12.9,806.25,0,0
3,Downwards,Energy,16/04/2026,20:00,20:30,19:00,19:30,Live,500,11.9,743.75,0,0
3,Downwards,Energy,16/04/2026,20:30,21:00,19:30,20:00,Live,500,0,0,0,0
2,Downwards,Energy,15/04/2026,17:00,17:30,16:00,16:30,Live,500,0,0,0,0
2,Downwards,Energy,15/04/2026,17:30,18:00,16:30,17:00,Live,500,0,0,0,0
2,Downwards,Energy,15/04/2026,18:00,18:30,17:00,17:30,Live,500,0,0,0,0
2,Downwards,Energy,15/04/2026,18:30,19:00,17:30,18:00,Live,500,0,0,0,0
2,Downwards,Energy,15/04/2026,19:00,19:30,18:00,18:30,Live,500,0,0,0,0
2,Downwards,Energy,15/04/2026,19:30,20:00,18:30,19:00,Live,500,0,0,0,0
2,Downwards,Energy,15/04/2026,20:00,20:30,19:00,19:30,Live,500,0,0,0,0
2,Downwards,Energy,15/04/2026,20:30,21:00,19:30,20:00,Live,500,0,0,0,0
2,Downwards,Energy,15/04/2026,21:00,21:30,20:00,20:30,Live,500,0,0,0,0
2,Downwards,Energy,15/04/2026,21:30,22:00,20:30,21:00,Live,500,0,0,0,0
1,Downwards,Energy,14/04/2026,17:00,17:30,16:00,16:30,Live,500,27.8,1737.5,2.04,128.01
1,Downwards,Energy,14/04/2026,17:30,18:00,16:30,17:00,Live,500,27.8,1737.5,4.15,259.26
1,Downwards,Energy,14/04/2026,18:00,18:30,17:00,17:30,Live,500,27.8,1737.5,0,0
1,Downwards,Energy,14/04/2026,18:30,19:00,17:30,18:00,Live,500,27.8,1737.5,-7.94,-495.83
1,Downwards,Energy,14/04/2026,19:00,19:30,18:00,18:30,Live,500,27.8,1737.5,-3.09,-193.6
1,Downwards,Energy,14/04/2026,19:30,20:00,18:30,19:00,Live,500,27.8,1737.5,-3.24,-203.28
1,Downwards,Energy,14/04/2026,20:00,20:30,19:00,19:30,Live,500,8.9,467.25,2.55,133.44
1,Downwards,Energy,14/04/2026,20:30,21:00,19:30,20:00,Live,500,36.7,2135.25,2.31,121.47
1,Downwards,Energy,14/04/2026,21:00,21:30,20:00,20:30,Live,500,27.8,1668,0,0
1,Downwards,Energy,14/04/2026,21:30,22:00,20:30,21:00,Live,500,27.8,1668,0,0
