Delivery Date,From GMT,To GMT,DFS Required MW
2023-03-28,18:00,18:30,25
2023-03-28,18:30,19:00,25
2023-03-23,18:30,19:00,300
2023-03-23,19:00,19:30,300
2023-03-21,18:00,18:30,50
2023-03-21,18:30,19:00,50
2023-03-15,18:30,19:00,250
2023-03-15,19:00,19:30,250
2023-03-14,18:00,18:30,50
2023-03-14,18:30,19:00,50
2023-02-21,17:30,18:00,250
2023-02-21,18:00,18:30,250
2023-02-16,17:00,17:30,100
2023-02-16,17:30,18:00,100
2023-02-13,17:30,18:00,250
2023-02-13,18:00,18:30,250
2023-01-31,17:30,18:00,100
2023-01-31,18:00,18:30,100
2023-01-30,09:00,09:30,250
2023-01-30,09:30,10:00,250
2023-01-19,09:00,09:30,150
2023-01-19,09:30,10:00,150
2023-01-17,17:30,18:00,100
2023-01-17,18:00,18:30,100
2022-12-23,17:30,18:00,100
2022-12-23,18:00,18:30,100
2022-12-21,17:30,18:00,100
2022-12-21,18:00,18:30,100
2022-12-12,17:00,17:30,300
2022-12-12,17:30,18:00,300
2022-12-12,18:00,18:30,300
2022-12-12,18:30,19:00,300
2022-12-01,17:00,17:30,250
2022-12-01,17:30,18:00,250
2022-11-30,17:30,18:00,250
2022-11-30,18:00,18:30,250
2022-11-22,17:30,18:00,200
2022-11-22,18:00,18:30,200
2022-11-15,17:00,17:30,200
2022-11-15,17:30,18:00,200
