Date,DFS Provider,Unit,DFS Volume,From,To,Price,Status,North Scotland,South and Central Scotland,North East England,North West England,Yorkshire,East Midlands,West Midlands,London,East England,South East England,South West England,Southern England,North Wales_Merseyside_Cheshire,South Wales,Other,Total,D0 North Scotland,D0 South and Central Scotland,D0 North East England,D0 North West England,D0 Yorkshire,D0 East Midlands,D0 West Midlands,D0 London,D0 East England,D0 South East England,D0 South West England,D0 Southern England,D0 North Wales Merseyside and Cheshire,D0 South Wales,D0 Other,D0 Total
24/01/2023,BritishGasTradingLimited,BG-A-001,12,16:30,17:00,6000,Accepted,0.18,0.77,0.62,1.05,0.97,1.05,0.84,0.62,1.65,1.25,0.59,1.45,0.64,0.33,0,12,0.18,0.77,0.62,1.05,0.97,1.05,0.84,0.62,1.65,1.25,0.59,1.45,0.64,0.33,0,12
24/01/2023,BritishGasTradingLimited,BG-A-001,12,17:00,17:30,3000,Accepted,0.18,0.77,0.62,1.05,0.97,1.05,0.84,0.62,1.65,1.25,0.59,1.45,0.64,0.33,0,12,0.18,0.77,0.62,1.05,0.97,1.05,0.84,0.62,1.65,1.25,0.59,1.45,0.64,0.33,0,12
24/01/2023,BritishGasTradingLimited,BG-A-001,12,17:30,18:00,3000,Accepted,0.18,0.77,0.62,1.05,0.97,1.05,0.84,0.62,1.65,1.25,0.59,1.45,0.64,0.33,0,12,0.18,0.77,0.62,1.05,0.97,1.05,0.84,0.62,1.65,1.25,0.59,1.45,0.64,0.33,0,12
24/01/2023,CUBUKLtd,CUB-01,1,16:30,17:00,5000,Accepted,0,0.02,0.02,0.01,0.2,0.2,0.13,0.03,0.18,0.03,0.01,0.03,0.14,0,0,1,0,0.02,0.02,0.01,0.2,0.2,0.13,0.03,0.18,0.03,0.01,0.03,0.14,0,0,1
24/01/2023,CUBUKLtd,CUB-01,1,17:00,17:30,5000,Accepted,0,0.02,0.02,0.01,0.19,0.24,0.12,0.03,0.18,0.02,0.01,0.02,0.14,0,0,1,0,0.02,0.02,0.01,0.19,0.24,0.12,0.03,0.18,0.02,0.01,0.02,0.14,0,0,1
24/01/2023,CUBUKLtd,CUB-01,1,17:30,18:00,5000,Accepted,0,0.02,0.02,0.01,0.18,0.29,0.11,0.03,0.17,0.01,0.01,0.02,0.13,0,0,1,0,0.02,0.02,0.01,0.18,0.29,0.11,0.03,0.17,0.01,0.01,0.02,0.13,0,0,1
24/01/2023,CUBUKLtd,CUB-02,1,16:30,17:00,6000,Accepted,0,0.02,0.02,0.01,0.2,0.2,0.13,0.03,0.18,0.03,0.01,0.03,0.14,0,0,1,0,0.01,0.02,0.01,0.14,0.14,0.09,0.02,0.13,0.02,0.01,0.02,0.1,0,0,0.7
24/01/2023,CUBUKLtd,CUB-02,1,17:00,17:30,6000,Accepted,0,0.02,0.02,0.01,0.19,0.24,0.12,0.03,0.18,0.02,0.01,0.02,0.14,0,0,1,0,0.01,0.02,0.01,0.13,0.17,0.09,0.02,0.12,0.01,0.01,0.02,0.09,0,0,0.7
24/01/2023,CUBUKLtd,CUB-02,1,17:30,18:00,6000,Accepted,0,0.02,0.02,0.01,0.18,0.29,0.11,0.03,0.17,0.01,0.01,0.02,0.13,0,0,1,0,0.01,0.01,0.01,0.12,0.2,0.08,0.02,0.12,0.01,0.01,0.01,0.09,0,0,0.7
24/01/2023,CUBUKLtd,CUB-03,1,16:30,17:00,6500,Accepted,0,0.02,0.02,0.01,0.2,0.2,0.13,0.03,0.18,0.03,0.01,0.03,0.14,0,0,1,0,0,0,0,0,0,0,0,0,0,0,0,0,0,0,0
24/01/2023,CUBUKLtd,CUB-03,1,17:00,17:30,6500,Accepted,0,0.02,0.02,0.01,0.19,0.24,0.12,0.03,0.18,0.02,0.01,0.02,0.14,0,0,1,0,0,0,0,0,0,0,0,0,0,0,0,0,0,0,0
24/01/2023,CUBUKLtd,CUB-03,1,17:30,18:00,6500,Accepted,0,0.02,0.02,0.01,0.18,0.29,0.11,0.03,0.17,0.01,0.01,0.02,0.13,0,0,1,0,0,0,0,0,0,0,0,0,0,0,0,0,0,0,0
24/01/2023,ConradEnergyTradingLimited,Conrad1,2.3,16:30,17:00,3999,Accepted,0,0,0,0,0,0,0,0,0,0,2.3,0,0,0,0,2.3,0,0,0,0,0,0,0,0,0,0,2.3,0,0,0,0,2.3
24/01/2023,ConradEnergyTradingLimited,Conrad1,2.3,17:00,17:30,3999,Accepted,0,0,0,0,0,0,0,0,0,0,2.3,0,0,0,0,2.3,0,0,0,0,0,0,0,0,0,0,2.3,0,0,0,0,2.3
24/01/2023,ConradEnergyTradingLimited,Conrad1,2.3,17:30,18:00,3999,Accepted,0,0,0,0,0,0,0,0,0,0,2.3,0,0,0,0,2.3,0,0,0,0,0,0,0,0,0,0,2.3,0,0,0,0,2.3
24/01/2023,DraxEnergySolutionsLimited,DRAX-02,2,16:30,17:00,3000,Accepted,0,0,0,0,0,0,0,0,2,0,0,0,0,0,0,2,0,0,0,0,0,0,0,0,2,0,0,0,0,0,0,2
24/01/2023,DraxEnergySolutionsLimited,DRAX-02,2,17:00,17:30,3000,Accepted,0,0,0,0,0,0,0,0,2,0,0,0,0,0,0,2,0,0,0,0,0,0,0,0,2,0,0,0,0,0,0,2
24/01/2023,DraxEnergySolutionsLimited,DRAX-02,2,17:30,18:00,3000,Accepted,0,0,0,0,0,0,0,0,2,0,0,0,0,0,0,2,0,0,0,0,0,0,0,0,2,0,0,0,0,0,0,2
24/01/2023,DraxEnergySolutionsLimited,DRAX-03,9,16:30,17:00,3500,Accepted,0,0,0,0,1,3,4,0,0,0,0,0,1,0,0,9,0,0,0,0,1,3,4,0,0,0,0,0,1,0,0,9
24/01/2023,DraxEnergySolutionsLimited,DRAX-03,9,17:00,17:30,4000,Accepted,0,0,0,0,1,3,4,0,0,0,0,0,1,0,0,9,0,0,0,0,1,3,4,0,0,0,0,0,1,0,0,9
24/01/2023,DraxEnergySolutionsLimited,DRAX-03,9,17:30,18:00,4500,Accepted,0,0,0,0,1,3,4,0,0,0,0,0,1,0,0,9,0,0,0,0,1,3,4,0,0,0,0,0,1,0,0,9
24/01/2023,DraxEnergySolutionsLimited,DRAX-05,10,16:30,17:00,4500,Accepted,0,0,0,7,0,0,0,0,0,0,0,0,3,0,0,10,0,0,0,7,0,0,0,0,0,0,0,0,3,0,0,10
24/01/2023,DraxEnergySolutionsLimited,DRAX-05,10,17:00,17:30,4500,Accepted,0,0,0,7,0,0,0,0,0,0,0,0,3,0,0,10,0,0,0,7,0,0,0,0,0,0,0,0,3,0,0,10
24/01/2023,DraxEnergySolutionsLimited,DRAX-05,10,17:30,18:00,4500,Accepted,0,0,0,7,0,0,0,0,0,0,0,0,3,0,0,10,0,0,0,7,0,0,0,0,0,0,0,0,3,0,0,10
24/01/2023,DraxEnergySolutionsLimited,DRAX-06,2,16:30,17:00,3000,Accepted,0,0,0,0,0,0,0,0,0,0,0,2,0,0,0,2,0,0,0,0,0,0,0,0,0,0,0,1,0,0,0,1
24/01/2023,DraxEnergySolutionsLimited,DRAX-06,2,17:00,17:30,3000,Accepted,0,0,0,0,0,0,0,0,0,0,0,2,0,0,0,2,0,0,0,0,0,0,0,0,0,0,0,1,0,0,0,1
24/01/2023,DraxEnergySolutionsLimited,DRAX-06,2,17:30,18:00,3000,Accepted,0,0,0,0,0,0,0,0,0,0,0,2,0,0,0,2,0,0,0,0,0,0,0,0,0,0,0,1,0,0,0,1
24/01/2023,EDFEnergyCustomersLimited,EDF-01,6,16:30,17:00,6000,Accepted,0.1,0.4,0.4,0.5,0.4,0.4,0.4,0.3,0.4,0.6,0.7,0.9,0.3,0.2,0,6,0.1,0.4,0.4,0.5,0.4,0.4,0.4,0.3,0.4,0.6,0.7,0.9,0.3,0.2,0,6
24/01/2023,EDFEnergyCustomersLimited,EDF-01,7,17:00,17:30,6000,Accepted,0.1,0.4,0.5,0.5,0.5,0.4,0.5,0.4,0.6,0.8,0.7,1,0.3,0.3,0,7,0.1,0.4,0.5,0.5,0.5,0.4,0.5,0.4,0.6,0.8,0.7,1,0.3,0.3,0,7
24/01/2023,EDFEnergyCustomersLimited,EDF-01,9,17:30,18:00,6000,Accepted,0.2,0.4,0.7,0.5,0.8,0.6,0.7,0.6,0.8,1.2,0.7,0.9,0.5,0.4,0,9,0.2,0.4,0.7,0.5,0.8,0.6,0.7,0.6,0.8,1.2,0.7,0.9,0.5,0.4,0,9
24/01/2023,EONNextEnergyLimited,EONNXT-01,12,16:30,17:00,3000,Accepted,0,1,1,1,1,2,2,1,3,0,0,0,0,0,0,12,0,0,1,1,1,1,1,1,1,0,0,0,0,0,0,7
24/01/2023,EONNextEnergyLimited,EONNXT-01,13,17:00,17:30,3000,Accepted,0,1,1,2,1,2,2,1,3,0,0,0,0,0,0,13,0,0,1,1,1,1,1,1,1,0,0,0,0,0,0,7
24/01/2023,EONNextEnergyLimited,EONNXT-01,13,17:30,18:00,3000,Accepted,0,1,1,2,1,2,2,1,3,0,0,0,0,0,0,13,0,0,1,1,1,1,1,1,1,0,0,0,0,0,0,7
24/01/2023,EONNextEnergyLimited,EONNXT-02,4,16:30,17:00,6000,Accepted,0,0,0,0,0,0,0,0,0,1,1,1,1,0,0,4,0,0,0,0,0,0,0,0,0,0,0,1,1,0,0,2
24/01/2023,EONNextEnergyLimited,EONNXT-02,4,17:00,17:30,6000,Accepted,0,0,0,0,0,0,0,0,0,1,1,1,1,0,0,4,0,0,0,0,0,0,0,0,0,0,0,1,1,0,0,2
24/01/2023,EONNextEnergyLimited,EONNXT-02,4,17:30,18:00,6000,Accepted,0,0,0,0,0,0,0,0,0,1,1,1,1,0,0,4,0,0,0,0,0,0,0,0,0,0,0,1,1,0,0,2
24/01/2023,EngiePowerLimited,ENGIE-01,10.5,16:30,17:00,5500,Accepted,0,0.37,0.59,0.32,0.16,2.82,2,0,2.1,0.23,0.25,0.54,1.03,0.1,0,10.5,0,0.37,0.59,0.32,0.16,2.82,2,0,2.1,0.23,0.25,0.54,1.03,0.1,0,10.5
24/01/2023,EngiePowerLimited,ENGIE-01,10.5,17:00,17:30,5500,Accepted,0,0.37,0.59,0.32,0.16,2.82,2,0,2.1,0.23,0.25,0.54,1.03,0.1,0,10.5,0,0.37,0.59,0.32,0.16,2.82,2,0,2.1,0.23,0.25,0.54,1.03,0.1,0,10.5
24/01/2023,EngiePowerLimited,ENGIE-01,10.5,17:30,18:00,5500,Accepted,0,0.37,0.59,0.32,0.16,2.82,2,0,2.1,0.23,0.25,0.54,1.03,0.1,0,10.5,0,0.37,0.59,0.32,0.16,2.82,2,0,2.1,0.23,0.25,0.54,1.03,0.1,0,10.5
24/01/2023,EngiePowerLimited,ENGIE-02,2,16:30,17:00,5500,Accepted,0,0,0,0,0,0,0,0,0,0,0,2,0,0,0,2,0,0,0,0,0,0,0,0,0,0,0,2,0,0,0,2
24/01/2023,EngiePowerLimited,ENGIE-02,2,17:00,17:30,5500,Accepted,0,0,0,0,0,0,0,0,0,0,0,2,0,0,0,2,0,0,0,0,0,0,0,0,0,0,0,2,0,0,0,2
24/01/2023,EngiePowerLimited,ENGIE-02,2,17:30,18:00,5500,Accepted,0,0,0,0,0,0,0,0,0,0,0,2,0,0,0,2,0,0,0,0,0,0,0,0,0,0,0,2,0,0,0,2
24/01/2023,EquiwattLimited,EQUIWA-01,1,16:30,17:00,3500,Accepted,0,0,0,0,0,0,0,0,0,0,0,0,0,0,1,1,0,0,0,0,0,0,0,0,0,0,0,0,0,0,1,1
24/01/2023,EquiwattLimited,EQUIWA-01,1,17:00,17:30,3000,Accepted,0,0,0,0,0,0,0,0,0,0,0,0,0,0,1,1,0,0,0,0,0,0,0,0,0,0,0,0,0,0,1,1
24/01/2023,EquiwattLimited,EQUIWA-01,1,17:30,18:00,5000,Accepted,0,0,0,0,0,0,0,0,0,0,0,0,0,0,1,1,0,0,0,0,0,0,0,0,0,0,0,0,0,0,1,1
24/01/2023,EvDOTEnergyLtd,EVDOT-01,1,16:30,17:00,5000,Accepted,0,0,0,0,0,0,0,0,0,0,0,0,0,0,1,1,0,0,0,0,0,0,0,0,0,0,0,0,0,0,1,1
24/01/2023,EvDOTEnergyLtd,EVDOT-01,1,17:00,17:30,5000,Accepted,0,0,0,0,0,0,0,0,0,0,0,0,0,0,1,1,0,0,0,0,0,0,0,0,0,0,0,0,0,0,1,1
24/01/2023,EvDOTEnergyLtd,EVDOT-01,1,17:30,18:00,5000,Accepted,0,0,0,0,0,0,0,0,0,0,0,0,0,0,1,1,0,0,0,0,0,0,0,0,0,0,0,0,0,0,1,1
24/01/2023,FlexitricityLimited,FLEXIT-01,4.5,16:30,17:00,3000,Accepted,0,0,0,1,3.1,0,0.4,0,0,0,0,0,0,0,0,4.5,0,0,0,1,2.6,0,0.4,0,0,0,0,0,0,0,0,4
24/01/2023,FlexitricityLimited,FLEXIT-01,4.5,17:00,17:30,3000,Accepted,0,0,0,1,3.1,0,0.4,0,0,0,0,0,0,0,0,4.5,0,0,0,1,2.6,0,0.4,0,0,0,0,0,0,0,0,4
24/01/2023,FlexitricityLimited,FLEXIT-01,4.5,17:30,18:00,3000,Accepted,0,0,0,1,3.1,0,0.4,0,0,0,0,0,0,0,0,4.5,0,0,0,1,2.6,0,0.4,0,0,0,0,0,0,0,0,4
24/01/2023,GridbeyondLimited,GB_DFS1,1.228,16:30,17:00,3000,Accepted,0.35,0,0.19,0,0,0,0.09,0,0,0.14,0,0.44,0.02,0,0,1.23,0.35,0,0.19,0,0,0,0.09,0,0,0.14,0,0.44,0.02,0,0,1.23
24/01/2023,GridbeyondLimited,GB_DFS1,1.228,17:00,17:30,3000,Accepted,0.35,0,0.19,0,0,0,0.09,0,0,0.14,0,0.44,0.02,0,0,1.23,0.35,0,0.19,0,0,0,0.09,0,0,0.14,0,0.44,0.02,0,0,1.23
24/01/2023,GridbeyondLimited,GB_DFS1,1.228,17:30,18:00,3000,Accepted,0.35,0,0.19,0,0,0,0.09,0,0,0.14,0,0.44,0.02,0,0,1.23,0.35,0,0.19,0,0,0,0.09,0,0,0.14,0,0.44,0.02,0,0,1.23
24/01/2023,GridbeyondLimited,GB_DFS2,4,16:30,17:00,3000,Accepted,0,0,0,0,0,0,0.1,0,0,0,0,0,1.13,2.77,0,4,0,0,0,0,0,0,0.1,0,0,0,0,0,1.13,2.77,0,4
24/01/2023,GridbeyondLimited,GB_DFS2,4,17:00,17:30,3000,Accepted,0,0,0,0,0,0,0.1,0,0,0,0,0,1.13,2.77,0,4,0,0,0,0,0,0,0.1,0,0,0,0,0,1.13,2.77,0,4
24/01/2023,GridbeyondLimited,GB_DFS2,4,17:30,18:00,3000,Accepted,0,0,0,0,0,0,0.1,0,0,0,0,0,1.13,2.77,0,4,0,0,0,0,0,0,0.1,0,0,0,0,0,1.13,2.77,0,4
24/01/2023,GridbeyondLimited,GB_DFS3,10.41,16:30,17:00,3000,Accepted,0,0,0,0,4.12,3.23,0.36,0,0,0,0,0,2.7,0,0,10.41,0,0,0,0,4.12,3.23,0.36,0,0,0,0,0,2.7,0,0,10.41
24/01/2023,GridbeyondLimited,GB_DFS3,10.41,17:00,17:30,3000,Accepted,0,0,0,0,4.12,3.23,0.36,0,0,0,0,0,2.7,0,0,10.41,0,0,0,0,4.12,3.23,0.36,0,0,0,0,0,2.7,0,0,10.41
24/01/2023,GridbeyondLimited,GB_DFS3,10.41,17:30,18:00,3000,Accepted,0,0,0,0,4.12,3.23,0.36,0,0,0,0,0,2.7,0,0,10.41,0,0,0,0,4.12,3.23,0.36,0,0,0,0,0,2.7,0,0,10.41
24/01/2023,GridbeyondLimited,GB_DFS4,9.9,16:30,17:00,3000,Accepted,0,0,0,9.9,0,0,0,0,0,0,0,0,0,0,0,9.9,0,0,0,9.9,0,0,0,0,0,0,0,0,0,0,0,9.9
24/01/2023,GridbeyondLimited,GB_DFS4,9.9,17:00,17:30,3000,Accepted,0,0,0,9.9,0,0,0,0,0,0,0,0,0,0,0,9.9,0,0,0,9.9,0,0,0,0,0,0,0,0,0,0,0,9.9
24/01/2023,GridbeyondLimited,GB_DFS4,9.9,17:30,18:00,3000,Accepted,0,0,0,9.9,0,0,0,0,0,0,0,0,0,0,0,9.9,0,0,0,9.9,0,0,0,0,0,0,0,0,0,0,0,9.9
24/01/2023,GridimpLimited,GRIMP-01,2,16:30,17:00,3000,Accepted,0,0,0.05,0.01,0.04,0,0.11,0,0,0,0.03,1.51,0,0.25,0,2,0,0,0.05,0.01,0.04,0,0.11,0,0,0,0.03,1.51,0,0.25,0,2
24/01/2023,GridimpLimited,GRIMP-01,2,17:00,17:30,3000,Accepted,0,0,0.05,0.01,0.04,0,0.11,0,0,0,0.03,1.51,0,0.25,0,2,0,0,0.05,0.01,0.04,0,0.11,0,0,0,0.03,1.51,0,0.25,0,2
24/01/2023,GridimpLimited,GRIMP-01,2,17:30,18:00,3000,Accepted,0,0,0.05,0.01,0.04,0,0.11,0,0,0,0.03,1.51,0,0.25,0,2,0,0,0.05,0.01,0.04,0,0.11,0,0,0,0.03,1.51,0,0.25,0,2
24/01/2023,OVOElectricityLtd,OVO-01,7,16:30,17:00,3000,Accepted,0.35,0.36,0.35,0.32,0.33,0.68,0.49,0.21,0.98,0.6,0.31,1.39,0.2,0.43,0,7,0.35,0.36,0.35,0.32,0.33,0.68,0.49,0.21,0.98,0.6,0.31,1.39,0.2,0.43,0,7
24/01/2023,OVOElectricityLtd,OVO-01,8,17:00,17:30,3000,Accepted,0.4,0.42,0.38,0.38,0.37,0.79,0.56,0.24,1.12,0.67,0.36,1.57,0.24,0.5,0,8,0.4,0.42,0.38,0.38,0.37,0.79,0.56,0.24,1.12,0.67,0.36,1.57,0.24,0.5,0,8
24/01/2023,OVOElectricityLtd,OVO-01,8,17:30,18:00,3000,Accepted,0.39,0.42,0.38,0.39,0.36,0.78,0.57,0.23,1.12,0.67,0.37,1.58,0.24,0.5,0,8,0.39,0.42,0.38,0.39,0.36,0.78,0.57,0.23,1.12,0.67,0.37,1.58,0.24,0.5,0,8
24/01/2023,OctopusEnergyLimited,OCTOP-02,19.809,16:30,17:00,3000,Accepted,0.28,0.98,1.24,1.56,1.61,2.15,1.91,0.64,2.52,1.72,1.24,2.4,0.93,0.64,0,19.81,0.31,1.08,1.37,1.71,1.77,2.37,2.1,0.7,2.77,1.89,1.36,2.64,1.02,0.7,0,21.79
24/01/2023,OctopusEnergyLimited,OCTOP-02,22.577,17:00,17:30,3000,Accepted,0.33,1.13,1.39,1.79,1.81,2.45,2.2,0.7,2.84,1.94,1.45,2.74,1.08,0.73,0,22.58,0.36,1.24,1.53,1.97,1.99,2.7,2.42,0.77,3.13,2.14,1.59,3.01,1.19,0.8,0,24.84
24/01/2023,OctopusEnergyLimited,OCTOP-02,24.001,17:30,18:00,3000,Accepted,0.34,1.18,1.45,1.89,1.89,2.6,2.35,0.75,3.02,2.08,1.56,2.94,1.15,0.78,0,24,0.38,1.3,1.6,2.08,2.07,2.86,2.59,0.83,3.32,2.29,1.72,3.24,1.27,0.86,0,26.4
24/01/2023,OctopusEnergyLimited,OCTOP-03,29.715,16:30,17:00,4500,Accepted,0.43,1.47,1.86,2.34,2.41,3.23,2.87,0.96,3.78,2.57,1.85,3.59,1.4,0.96,0,29.72,0.47,1.62,2.05,2.57,2.65,3.55,3.15,1.05,4.16,2.83,2.04,3.95,1.54,1.05,0,32.69
24/01/2023,OctopusEnergyLimited,OCTOP-03,33.867,17:00,17:30,4500,Accepted,0.49,1.69,2.09,2.69,2.72,3.68,3.3,1.05,4.26,2.91,2.17,4.11,1.62,1.09,0,33.87,0.54,1.86,2.3,2.95,2.99,4.05,3.63,1.16,4.69,3.2,2.39,4.52,1.78,1.2,0,37.25
24/01/2023,OctopusEnergyLimited,OCTOP-03,35.999,17:30,18:00,4500,Accepted,0.51,1.78,2.18,2.84,2.83,3.89,3.52,1.13,4.53,3.13,2.34,4.42,1.73,1.17,0,36,0.57,1.95,2.4,3.12,3.11,4.28,3.88,1.24,4.99,3.44,2.57,4.86,1.9,1.29,0,39.6
24/01/2023,OctopusEnergyLimited,OCTOP-05,53.24,16:30,17:00,6000,Accepted,0.76,2.64,3.34,4.19,4.32,5.78,5.13,1.72,6.77,4.61,3.32,6.44,2.5,1.72,0,53.24,0.84,2.9,3.67,4.6,4.75,6.36,5.65,1.89,7.45,5.07,3.65,7.08,2.75,1.89,0,58.56
24/01/2023,OctopusEnergyLimited,OCTOP-05,60.679,17:00,17:30,6000,Accepted,0.88,3.03,3.74,4.81,4.87,6.59,5.91,1.89,7.64,5.22,3.89,7.36,2.9,1.96,0,60.68,0.97,3.33,4.12,5.29,5.36,7.25,6.5,2.07,8.4,5.74,4.28,8.1,3.19,2.16,0,66.75
24/01/2023,OctopusEnergyLimited,OCTOP-05,64.502,17:30,18:00,6000,Accepted,0.92,3.18,3.91,5.09,5.07,6.98,6.32,2.03,8.12,5.6,4.19,7.91,3.1,2.1,0,64.5,1.01,3.5,4.3,5.59,5.58,7.67,6.95,2.23,8.93,6.16,4.61,8.7,3.4,2.31,0,70.95
24/01/2023,OctopusEnergyLimited,OCTOP-06,53.24,16:30,17:00,6000,Accepted,0.76,2.64,3.34,4.19,4.32,5.78,5.13,1.72,6.77,4.61,3.32,6.44,2.5,1.72,0,53.24,0.84,2.9,3.67,4.6,4.75,6.36,5.65,1.89,7.45,5.07,3.65,7.08,2.75,1.89,0,58.56
24/01/2023,OctopusEnergyLimited,OCTOP-06,60.679,17:00,17:30,6000,Accepted,0.88,3.03,3.74,4.81,4.87,6.59,5.91,1.89,7.64,5.22,3.89,7.36,2.9,1.96,0,60.68,0.97,3.33,4.12,5.29,5.36,7.25,6.5,2.07,8.4,5.74,4.28,8.1,3.19,2.16,0,66.75
24/01/2023,OctopusEnergyLimited,OCTOP-06,64.502,17:30,18:00,6000,Accepted,0.92,3.18,3.91,5.09,5.07,6.98,6.32,2.03,8.12,5.6,4.19,7.91,3.1,2.1,0,64.5,1.01,3.5,4.3,5.59,5.58,7.67,6.95,2.23,8.93,6.16,4.61,8.7,3.4,2.31,0,70.95
24/01/2023,OrangePowerLTD,ORANGP-01,1,16:30,17:00,2799,Accepted,0,0,0,0,0,0,0,0,0,0,0,0,0,0,1,1,0,0,0,0,0,0,0,0,0,0,0,0,0,0,0,0
24/01/2023,OrangePowerLTD,ORANGP-01,1,17:00,17:30,2799,Accepted,0,0,0,0,0,0,0,0,0,0,0,0,0,0,1,1,0,0,0,0,0,0,0,0,0,0,0,0,0,0,0,0
24/01/2023,OrangePowerLTD,ORANGP-01,1,17:30,18:00,2799,Accepted,0,0,0,0,0,0,0,0,0,0,0,0,0,0,1,1,0,0,0,0,0,0,0,0,0,0,0,0,0,0,0,0
24/01/2023,OrangePowerLTD,ORANGP-02,4,16:30,17:00,5799,Accepted,0,0,0,0,0,0,0,0,0,0,0,0,0,0,4,4,0,0,0,0,0,0,0,0,0,0,0,0,0,0,0,0
24/01/2023,OrangePowerLTD,ORANGP-02,4,17:00,17:30,5799,Accepted,0,0,0,0,0,0,0,0,0,0,0,0,0,0,4,4,0,0,0,0,0,0,0,0,0,0,0,0,0,0,0,0
24/01/2023,OrangePowerLTD,ORANGP-02,4,17:30,18:00,5799,Accepted,0,0,0,0,0,0,0,0,0,0,0,0,0,0,4,4,0,0,0,0,0,0,0,0,0,0,0,0,0,0,0,0
24/01/2023,PerseTechnologyLimited,PERSE-01,3.76342,16:30,17:00,3000,Accepted,0.01,0.06,0.12,0.47,0.29,0.77,0.41,0.54,0.3,0.27,0.18,0.28,0.08,0,0,3.76,0.01,0.06,0.12,0.47,0.29,0.77,0.41,0.54,0.3,0.27,0.18,0.28,0.08,0,0,3.76
24/01/2023,PerseTechnologyLimited,PERSE-01,3.50059,17:00,17:30,3000,Accepted,0.01,0.04,0.1,0.44,0.27,0.71,0.38,0.54,0.24,0.26,0.17,0.27,0.07,0,0,3.5,0.01,0.04,0.1,0.44,0.27,0.71,0.38,0.54,0.24,0.26,0.17,0.27,0.07,0,0,3.5
24/01/2023,PerseTechnologyLimited,PERSE-01,3.3158,17:30,18:00,3000,Accepted,0.01,0.04,0.1,0.42,0.24,0.65,0.35,0.54,0.22,0.26,0.16,0.25,0.07,0,0,3.32,0.01,0.04,0.1,0.42,0.24,0.65,0.35,0.54,0.22,0.26,0.16,0.25,0.07,0,0,3.32
24/01/2023,SoloEnergyLimited,SMS-01,6,16:30,17:00,5400,Accepted,0.11,0.25,0.27,0.38,0.45,0.68,0.46,0.17,0.86,0.54,0.34,0.77,0.25,0.17,0.3,6,0.11,0.25,0.27,0.38,0.45,0.68,0.46,0.17,0.86,0.54,0.34,0.77,0.25,0.17,0.3,6
24/01/2023,SoloEnergyLimited,SMS-01,7,17:00,17:30,5500,Accepted,0.12,0.29,0.3,0.42,0.5,0.77,0.52,0.18,0.97,0.62,0.4,0.88,0.29,0.2,0.54,7,0.12,0.29,0.3,0.42,0.5,0.77,0.52,0.18,0.97,0.62,0.4,0.88,0.29,0.2,0.54,7
24/01/2023,SoloEnergyLimited,SMS-01,7,17:30,18:00,5500,Accepted,0.13,0.3,0.31,0.44,0.51,0.81,0.56,0.2,1.04,0.65,0.41,0.94,0.32,0.21,0.18,7,0.13,0.3,0.31,0.44,0.51,0.81,0.56,0.2,1.04,0.65,0.41,0.94,0.32,0.21,0.18,7
24/01/2023,VpowerU8lectricLTD,VPOWER-01,1.01,16:30,17:00,3000,Accepted,0.79,0,0,0.01,0,0.04,0.14,0,0,0,0,0.02,0.01,0,0,1.01,0.79,0,0,0.01,0,0.04,0.14,0,0,0,0,0.02,0.01,0,0,1.01
24/01/2023,VpowerU8lectricLTD,VPOWER-01,1.05,17:00,17:30,3000,Accepted,0.79,0,0,0.01,0,0.04,0.14,0,0,0,0,0.02,0.05,0,0,1.05,0.79,0,0,0.01,0,0.04,0.14,0,0,0,0,0.02,0.05,0,0,1.05
24/01/2023,VpowerU8lectricLTD,VPOWER-01,1.02,17:30,18:00,3000,Accepted,0.79,0,0,0.01,0,0.04,0.14,0,0,0,0,0.02,0.03,0,0,1.02,0.79,0,0,0.01,0,0.04,0.14,0,0,0,0,0.02,0.03,0,0,1.02
24/01/2023,ZenobeEnergyLimited,ZENOB-01,1,16:30,17:00,4499,Accepted,0,0,0,0,0,0,0,1,0,0,0,0,0,0,0,1,0,0,0,0,0,0,0,1,0,0,0,0,0,0,0,1
24/01/2023,ZenobeEnergyLimited,ZENOB-01,1,17:00,17:30,5999,Accepted,0,0,0,0,0,0,0,1,0,0,0,0,0,0,0,1,0,0,0,0,0,0,0,1,0,0,0,0,0,0,0,1
24/01/2023,ZenobeEnergyLimited,ZENOB-01,1,17:30,18:00,5999,Accepted,0,0,0,0,0,0,0,1,0,0,0,0,0,0,0,1,0,0,0,0,0,0,0,1,0,0,0,0,0,0,0,1
24/01/2023,DraxEnergySolutionsLimited,DRAX-04,0,16:30,17:00,0,Rejected,0,0,0,0,0,0,0,0,0,0,0,0,0,0,0,0,,,,,,,,,,,,,,,,
24/01/2023,DraxEnergySolutionsLimited,DRAX-04,0,17:00,17:30,0,Rejected,0,0,0,0,0,0,0,0,0,0,0,0,0,0,0,0,,,,,,,,,,,,,,,,
24/01/2023,DraxEnergySolutionsLimited,DRAX-04,0,17:30,18:00,0,Rejected,0,0,0,0,0,0,0,0,0,0,0,0,0,0,0,0,,,,,,,,,,,,,,,,
23/01/2023,BritishGasTradingLimited,BG-A-001,12,17:00,17:30,3000,Accepted,0.18,0.77,0.62,1.05,0.97,1.05,0.84,0.62,1.65,1.25,0.59,1.45,0.64,0.33,0,12,0.18,0.77,0.62,1.05,0.97,1.05,0.84,0.62,1.65,1.25,0.59,1.45,0.64,0.33,0,12
23/01/2023,BritishGasTradingLimited,BG-A-001,12,17:30,18:00,3000,Accepted,0.18,0.77,0.62,1.05,0.97,1.05,0.84,0.62,1.65,1.25,0.59,1.45,0.64,0.33,0,12,0.18,0.77,0.62,1.05,0.97,1.05,0.84,0.62,1.65,1.25,0.59,1.45,0.64,0.33,0,12
23/01/2023,CUBUKLtd,CUB-01,2,17:00,17:30,3000,Accepted,0,0.04,0.04,0.02,0.38,0.48,0.24,0.05,0.36,0.03,0.03,0.05,0.27,0,0,2,0,0.04,0.04,0.02,0.38,0.48,0.24,0.05,0.36,0.03,0.03,0.05,0.27,0,0,2
23/01/2023,CUBUKLtd,CUB-01,2,17:30,18:00,3000,Accepted,0,0.03,0.03,0.02,0.35,0.58,0.22,0.05,0.35,0.02,0.03,0.04,0.27,0,0,2,0,0.03,0.03,0.02,0.35,0.58,0.22,0.05,0.35,0.02,0.03,0.04,0.27,0,0,2
23/01/2023,CUBUKLtd,CUB-02,2,17:00,17:30,3500,Accepted,0,0.04,0.04,0.02,0.38,0.48,0.24,0.05,0.36,0.03,0.03,0.05,0.27,0,0,2,0,0,0,0,0.04,0.05,0.02,0.01,0.04,0,0,0,0.03,0,0,0.2
23/01/2023,CUBUKLtd,CUB-02,2,17:30,18:00,3500,Accepted,0,0.03,0.03,0.02,0.35,0.58,0.22,0.05,0.35,0.02,0.03,0.04,0.27,0,0,2,0,0,0,0,0.04,0.06,0.02,0.01,0.03,0,0,0,0.03,0,0,0.2
23/01/2023,CUBUKLtd,CUB-03,2,17:00,17:30,4000,Accepted,0,0.04,0.04,0.02,0.38,0.48,0.24,0.05,0.36,0.03,0.03,0.05,0.27,0,0,2,0,0,0,0,0,0,0,0,0,0,0,0,0,0,0,0
23/01/2023,CUBUKLtd,CUB-03,2,17:30,18:00,4000,Accepted,0,0.03,0.03,0.02,0.35,0.58,0.22,0.05,0.35,0.02,0.03,0.04,0.27,0,0,2,0,0,0,0,0,0,0,0,0,0,0,0,0,0,0,0
23/01/2023,ConradEnergyTradingLimited,Conrad1,2.3,17:00,17:30,3000,Accepted,0,0,0,0,0,0,0,0,0,0,2.3,0,0,0,0,2.3,0,0,0,0,0,0,0,0,0,0,2.3,0,0,0,0,2.3
23/01/2023,ConradEnergyTradingLimited,Conrad1,2.3,17:30,18:00,3000,Accepted,0,0,0,0,0,0,0,0,0,0,2.3,0,0,0,0,2.3,0,0,0,0,0,0,0,0,0,0,2.3,0,0,0,0,2.3
23/01/2023,DraxEnergySolutionsLimited,DRAX-02,2,17:00,17:30,3000,Accepted,0,0,0,0,0,0,0,0,2,0,0,0,0,0,0,2,0,0,0,0,0,0,0,0,2,0,0,0,0,0,0,2
23/01/2023,DraxEnergySolutionsLimited,DRAX-02,2,17:30,18:00,3000,Accepted,0,0,0,0,0,0,0,0,2,0,0,0,0,0,0,2,0,0,0,0,0,0,0,0,2,0,0,0,0,0,0,2
23/01/2023,DraxEnergySolutionsLimited,DRAX-03,9,17:00,17:30,3000,Accepted,0,0,0,0,1,3,4,0,0,0,0,0,1,0,0,9,0,0,0,0,1,3,4,0,0,0,0,0,1,0,0,9
23/01/2023,DraxEnergySolutionsLimited,DRAX-03,9,17:30,18:00,3000,Accepted,0,0,0,0,1,3,4,0,0,0,0,0,1,0,0,9,0,0,0,0,1,3,4,0,0,0,0,0,1,0,0,9
23/01/2023,DraxEnergySolutionsLimited,DRAX-05,10,17:00,17:30,3000,Accepted,0,0,0,7,0,0,0,0,0,0,0,0,3,0,0,10,0,0,0,7,0,0,0,0,0,0,0,0,3,0,0,10
23/01/2023,DraxEnergySolutionsLimited,DRAX-05,10,17:30,18:00,3000,Accepted,0,0,0,7,0,0,0,0,0,0,0,0,3,0,0,10,0,0,0,7,0,0,0,0,0,0,0,0,3,0,0,10
23/01/2023,DraxEnergySolutionsLimited,DRAX-06,2,17:00,17:30,3000,Accepted,0,0,0,0,0,0,0,0,0,0,0,2,0,0,0,2,0,0,0,0,0,0,0,0,0,0,0,2,0,0,0,2
23/01/2023,DraxEnergySolutionsLimited,DRAX-06,2,17:30,18:00,3000,Accepted,0,0,0,0,0,0,0,0,0,0,0,2,0,0,0,2,0,0,0,0,0,0,0,0,0,0,0,2,0,0,0,2
23/01/2023,EDFEnergyCustomersLimited,EDF-01,7,17:00,17:30,6000,Accepted,0.1,0.4,0.5,0.5,0.5,0.4,0.5,0.4,0.6,0.8,0.7,1,0.3,0.3,0,7,0.1,0.4,0.5,0.5,0.5,0.4,0.5,0.4,0.6,0.8,0.7,1,0.3,0.3,0,7
23/01/2023,EDFEnergyCustomersLimited,EDF-01,8,17:30,18:00,6000,Accepted,0.1,0.4,0.6,0.5,0.7,0.5,0.6,0.5,0.7,1,0.7,1,0.4,0.3,0,8,0.1,0.4,0.5,0.5,0.5,0.4,0.5,0.4,0.6,0.8,0.7,1,0.3,0.3,0,7
23/01/2023,EONNextEnergyLimited,EONNXT-01,13,17:00,17:30,3000,Accepted,0,1,1,2,1,2,2,1,3,0,0,0,0,0,0,13,0,1,1,2,1,2,2,1,3,0,0,0,0,0,0,13
23/01/2023,EONNextEnergyLimited,EONNXT-01,14,17:30,18:00,3000,Accepted,0,1,1,2,2,2,2,1,3,0,0,0,0,0,0,14,0,1,1,2,2,2,2,1,3,0,0,0,0,0,0,14
23/01/2023,EONNextEnergyLimited,EONNXT-02,4,17:00,17:30,4000,Accepted,0,0,0,0,0,0,0,0,0,1,1,1,1,0,0,4,0,0,0,0,0,0,0,0,0,1,1,1,1,0,0,4
23/01/2023,EONNextEnergyLimited,EONNXT-02,4,17:30,18:00,4000,Accepted,0,0,0,0,0,0,0,0,0,1,1,1,1,0,0,4,0,0,0,0,0,0,0,0,0,1,1,1,1,0,0,4
23/01/2023,EngiePowerLimited,ENGIE-01,9,17:00,17:30,3000,Accepted,0,0.37,0.09,0.32,0.16,2.82,1,0,2.1,0.23,0.25,0.54,1.03,0.1,0,9,0,0.37,0.09,0.32,0.16,2.82,1,0,2.1,0.23,0.25,0.54,1.03,0.1,0,9
23/01/2023,EngiePowerLimited,ENGIE-01,9,17:30,18:00,3000,Accepted,0,0.37,0.09,0.32,0.16,2.82,1,0,2.1,0.23,0.25,0.54,1.03,0.1,0,9,0,0.37,0.09,0.32,0.16,2.82,1,0,2.1,0.23,0.25,0.54,1.03,0.1,0,9
23/01/2023,EngiePowerLimited,ENGIE-02,2,17:00,17:30,3000,Accepted,0,0,0,0,0,0,0,0,0,0,0,2,0,0,0,2,0,0,0,0,0,0,0,0,0,0,0,2,0,0,0,2
23/01/2023,EngiePowerLimited,ENGIE-02,2,17:30,18:00,3000,Accepted,0,0,0,0,0,0,0,0,0,0,0,2,0,0,0,2,0,0,0,0,0,0,0,0,0,0,0,2,0,0,0,2
23/01/2023,EquiwattLimited,EQUIWA-01,1,17:00,17:30,3000,Accepted,0,0,0,0,0,0,0,0,0,0,0,0,0,0,1,1,0,0,0,0,0,0,0,0,0,0,0,0,0,0,1,1
23/01/2023,EquiwattLimited,EQUIWA-01,1,17:30,18:00,3000,Accepted,0,0,0,0,0,0,0,0,0,0,0,0,0,0,1,1,0,0,0,0,0,0,0,0,0,0,0,0,0,0,1,1
23/01/2023,EvDOTEnergyLtd,EVDOT-01,1,17:00,17:30,3000,Accepted,0,0,0,0,0,0,0,0,0,0,0,0,0,0,1,1,0,0,0,0,0,0,0,0,0,0,0,0,0,0,1,1
23/01/2023,EvDOTEnergyLtd,EVDOT-01,1,17:30,18:00,3000,Accepted,0,0,0,0,0,0,0,0,0,0,0,0,0,0,1,1,0,0,0,0,0,0,0,0,0,0,0,0,0,0,1,1
23/01/2023,GridbeyondLimited,GB_DFS1,1.228,17:00,17:30,3000,Accepted,0.35,0,0.19,0,0,0,0.09,0,0,0.14,0,0.44,0.02,0,0,1.23,0.35,0,0.19,0,0,0,0.09,0,0,0.14,0,0.44,0.02,0,0,1.23
23/01/2023,GridbeyondLimited,GB_DFS1,1.228,17:30,18:00,3000,Accepted,0.35,0,0.19,0,0,0,0.09,0,0,0.14,0,0.44,0.02,0,0,1.23,0.35,0,0.19,0,0,0,0.09,0,0,0.14,0,0.44,0.02,0,0,1.23
23/01/2023,GridbeyondLimited,GB_DFS2,4,17:00,17:30,3000,Accepted,0,0,0,0,0,0,0.1,0,0,0,0,0,1.13,2.77,0,4,0,0,0,0,0,0,0.1,0,0,0,0,0,1.13,2.77,0,4
23/01/2023,GridbeyondLimited,GB_DFS2,4,17:30,18:00,3000,Accepted,0,0,0,0,0,0,0.1,0,0,0,0,0,1.13,2.77,0,4,0,0,0,0,0,0,0.1,0,0,0,0,0,1.13,2.77,0,4
23/01/2023,GridbeyondLimited,GB_DFS3,10.41,17:00,17:30,3000,Accepted,0,0,0,0,4.12,3.23,0.36,0,0,0,0,0,2.7,0,0,10.41,0,0,0,0,4.12,3.23,0.36,0,0,0,0,0,2.7,0,0,10.41
23/01/2023,GridbeyondLimited,GB_DFS3,10.41,17:30,18:00,3000,Accepted,0,0,0,0,4.12,3.23,0.36,0,0,0,0,0,2.7,0,0,10.41,0,0,0,0,4.12,3.23,0.36,0,0,0,0,0,2.7,0,0,10.41
23/01/2023,GridbeyondLimited,GB_DFS4,9.9,17:00,17:30,3000,Accepted,0,0,0,9.9,0,0,0,0,0,0,0,0,0,0,0,9.9,0,0,0,9.9,0,0,0,0,0,0,0,0,0,0,0,9.9
23/01/2023,GridbeyondLimited,GB_DFS4,9.9,17:30,18:00,3000,Accepted,0,0,0,9.9,0,0,0,0,0,0,0,0,0,0,0,9.9,0,0,0,9.9,0,0,0,0,0,0,0,0,0,0,0,9.9
23/01/2023,GridimpLimited,GRIMP-01,2,17:00,17:30,3000,Accepted,0,0,0.05,0.01,0.04,0,0.11,0,0,0,0.03,1.51,0,0.25,0,2,0,0,0.05,0.01,0.04,0,0.11,0,0,0,0.03,1.51,0,0.25,0,2
23/01/2023,GridimpLimited,GRIMP-01,2,17:30,18:00,3000,Accepted,0,0,0.05,0.01,0.04,0,0.11,0,0,0,0.03,1.51,0,0.25,0,2,0,0,0.05,0.01,0.04,0,0.11,0,0,0,0.03,1.51,0,0.25,0,2
23/01/2023,OVOElectricityLtd,OVO-01,8,17:00,17:30,3000,Accepted,0.4,0.42,0.38,0.38,0.35,0.79,0.56,0.24,1.12,0.66,0.35,1.61,0.24,0.5,0,8,0.4,0.42,0.38,0.38,0.35,0.79,0.56,0.24,1.12,0.66,0.35,1.61,0.24,0.5,0,8
23/01/2023,OVOElectricityLtd,OVO-01,8,17:30,18:00,3000,Accepted,0.38,0.42,0.38,0.38,0.36,0.78,0.58,0.25,1.11,0.67,0.37,1.59,0.24,0.49,0,8,0.38,0.42,0.38,0.38,0.36,0.78,0.58,0.25,1.11,0.67,0.37,1.59,0.24,0.49,0,8
23/01/2023,OaktreePowerLimited,OAKTRE02,5,17:00,17:30,3000,Accepted,0,0,0,0,0,0,0,0,0,0,0,5,0,0,0,5,0,0,0,0,0,0,0,0,0,0,0,0,0,0,0,0
23/01/2023,OaktreePowerLimited,OAKTRE02,5,17:30,18:00,3000,Accepted,0,0,0,0,0,0,0,0,0,0,0,5,0,0,0,5,0,0,0,0,0,0,0,0,0,0,0,0,0,0,0,0
23/01/2023,OaktreePowerLimited,OAKTRE04,5,17:00,17:30,3333,Accepted,0,0,0,0,0,0,0,0,0,0,0,5,0,0,0,5,0,0,0,0,0,0,0,0,0,0,0,0,0,0,0,0
23/01/2023,OaktreePowerLimited,OAKTRE04,5,17:30,18:00,3333,Accepted,0,0,0,0,0,0,0,0,0,0,0,5,0,0,0,5,0,0,0,0,0,0,0,0,0,0,0,0,0,0,0,0
23/01/2023,OctopusEnergyLimited,OCTOP-02,59.923,17:00,17:30,3000,Accepted,0.87,2.99,3.69,4.76,4.82,6.51,5.85,1.86,7.53,5.15,3.84,7.26,2.87,1.94,0,59.92,0.74,2.42,3.11,3.89,4.07,5.53,4.9,1.42,6.32,4.3,3.3,6.15,2.35,1.58,0,50.06
23/01/2023,OctopusEnergyLimited,OCTOP-02,63.675,17:30,18:00,3000,Accepted,0.91,3.15,3.85,5.03,5.01,6.89,6.25,2,8.01,5.53,4.13,7.8,3.06,2.07,0,63.68,0.78,2.54,3.25,4.12,4.22,5.88,5.23,1.53,6.73,4.63,3.56,6.63,2.53,1.69,0,53.31
23/01/2023,OctopusEnergyLimited,OCTOP-03,59.921,17:00,17:30,4500,Accepted,0.87,2.99,3.69,4.76,4.82,6.51,5.85,1.86,7.53,5.15,3.84,7.26,2.87,1.94,0,59.92,0.37,1.21,1.55,1.94,2.03,2.76,2.45,0.71,3.16,2.15,1.65,3.08,1.18,0.79,0,25.03
23/01/2023,OctopusEnergyLimited,OCTOP-03,63.677,17:30,18:00,4500,Accepted,0.91,3.15,3.85,5.03,5.01,6.89,6.25,2,8.01,5.53,4.13,7.8,3.06,2.07,0,63.68,0.39,1.27,1.62,2.06,2.11,2.94,2.62,0.77,3.36,2.31,1.78,3.32,1.26,0.85,0,26.65
23/01/2023,OctopusEnergyLimited,OCTOP-05,59.921,17:00,17:30,6000,Accepted,0.87,2.99,3.69,4.76,4.82,6.51,5.85,1.86,7.53,5.15,3.84,7.26,2.87,1.94,0,59.92,0.37,1.21,1.55,1.94,2.03,2.76,2.45,0.71,3.16,2.15,1.65,3.08,1.18,0.79,0,25.03
23/01/2023,OctopusEnergyLimited,OCTOP-05,63.677,17:30,18:00,6000,Accepted,0.91,3.15,3.85,5.03,5.01,6.89,6.25,2,8.01,5.53,4.13,7.8,3.06,2.07,0,63.68,0.39,1.27,1.62,2.06,2.11,2.94,2.62,0.77,3.36,2.31,1.78,3.32,1.26,0.85,0,26.65
23/01/2023,OrangePowerLTD,ORANGP-01,2.343,17:00,17:30,2799,Accepted,0.05,0.13,0.12,0.08,0.13,0.25,0.23,0.02,0.31,0.23,0.21,0.35,0.12,0.12,0,2.34,0,0,0,0,0,0,0,0,0,0,0,0,0,0,0,0
23/01/2023,OrangePowerLTD,ORANGP-01,2.343,17:30,18:00,2799,Accepted,0.05,0.13,0.12,0.08,0.13,0.25,0.23,0.02,0.31,0.23,0.21,0.35,0.12,0.12,0,2.34,0,0,0,0,0,0,0,0,0,0,0,0,0,0,0,0
23/01/2023,OrangePowerLTD,ORANGP-02,2.343,17:00,17:30,4799,Accepted,0.05,0.13,0.12,0.08,0.13,0.25,0.23,0.02,0.31,0.23,0.21,0.35,0.12,0.12,0,2.34,0,0,0,0,0,0,0,0,0,0,0,0,0,0,0,0
23/01/2023,OrangePowerLTD,ORANGP-02,2.343,17:30,18:00,5799,Accepted,0.05,0.13,0.12,0.08,0.13,0.25,0.23,0.02,0.31,0.23,0.21,0.35,0.12,0.12,0,2.34,0,0,0,0,0,0,0,0,0,0,0,0,0,0,0,0
23/01/2023,PerseTechnologyLimited,PERSE-01,3.50059,17:00,17:30,3000,Accepted,0.01,0.04,0.1,0.44,0.27,0.71,0.38,0.54,0.24,0.26,0.17,0.27,0.07,0,0,3.5,0.01,0.04,0.1,0.44,0.27,0.71,0.38,0.54,0.24,0.26,0.17,0.27,0.07,0,0,3.5
23/01/2023,PerseTechnologyLimited,PERSE-01,3.3158,17:30,18:00,3000,Accepted,0.01,0.04,0.1,0.42,0.24,0.65,0.35,0.54,0.22,0.26,0.16,0.25,0.07,0,0,3.32,0.01,0.04,0.1,0.42,0.24,0.65,0.35,0.54,0.22,0.26,0.16,0.25,0.07,0,0,3.32
23/01/2023,SoloEnergyLimited,SMS-01,8,17:00,17:30,3000,Accepted,0.12,0.3,0.32,0.45,0.53,0.82,0.56,0.19,1,0.65,0.42,0.93,0.32,0.21,1.18,8,0.12,0.3,0.32,0.45,0.53,0.82,0.56,0.19,1,0.65,0.42,0.93,0.32,0.21,0,8
23/01/2023,SoloEnergyLimited,SMS-01,8,17:30,18:00,3000,Accepted,0.12,0.31,0.31,0.45,0.52,0.81,0.56,0.2,1,0.65,0.42,0.93,0.32,0.22,1.19,8,0.12,0.31,0.31,0.45,0.52,0.81,0.56,0.2,1,0.65,0.42,0.93,0.32,0.22,0,8
23/01/2023,VpowerU8lectricLTD,VPOWER-01,1.02,17:00,17:30,3000,Accepted,0.79,0,0,0.01,0,0.04,0.14,0,0,0,0,0.02,0.03,0,0,1.02,0.79,0,0,0.01,0,0.04,0.14,0,0,0,0,0.02,0.03,0,0,1.02
23/01/2023,VpowerU8lectricLTD,VPOWER-01,1.02,17:30,18:00,3000,Accepted,0.79,0,0,0.01,0,0.04,0.14,0,0,0,0,0.02,0.03,0,0,1.02,0.79,0,0,0.01,0,0.04,0.14,0,0,0,0,0.02,0.03,0,0,1.02
23/01/2023,ZenobeEnergyLimited,ZENOB-01,1,17:00,17:30,2998,Accepted,0,0,0,0,0,0,0,1,0,0,0,0,0,0,0,1,0,0,0,0,0,0,0,1,0,0,0,0,0,0,0,1
23/01/2023,ZenobeEnergyLimited,ZENOB-01,1,17:30,18:00,5499,Accepted,0,0,0,0,0,0,0,1,0,0,0,0,0,0,0,1,0,0,0,0,0,0,0,1,0,0,0,0,0,0,0,1
23/01/2023,DraxEnergySolutionsLimited,DRAX-04,0,17:00,17:30,3000,Rejected,0,0,0,0,0,0,0,0,0,0,0,0,0,0,0,0,,,,,,,,,,,,,,,,
23/01/2023,DraxEnergySolutionsLimited,DRAX-04,0,17:30,18:00,3000,Rejected,0,0,0,0,0,0,0,0,0,0,0,0,0,0,0,0,,,,,,,,,,,,,,,,
