Delivery Date,From,To,DFS Required MW,Service Requirement Type,Guaranteed Acceptance Price GBP per MWh,Despatch Type,Participant Bids Eligible
21/03/2024,17:30,18:00,75,Test,0,All Providers,"OCTOPUS ENERGY LIMITED,FLEXITRICITY LIMITED,ORANGE POWER LTD,DRAX ENERGY SOLUTIONS LIMITED,OAKTREE POWER LIMITED,GRIDIMP LTD,E.ON NEXT ENERGY LIMITED,EQUIWATT LIMITED,ZENOBE ENERGY LIMITED,PERSE TECHNOLOGY LIMITED,CUB (UK) LTD,CONRAD ENERGY (TRADING) LIMITED,GRIDBEYOND LIMITED,SOLO ENERGY LIMITED,BRITISH GAS TRADING LIMITED,ENGIE POWER LIMITED,EDF ENERGY CUSTOMERS LIMITED,OVO ELECTRICITY LTD,HILDEBRAND TECHNOLOGY LIMITED,UTILITA ENERGY LIMITED,CHAMELEON TECHNOLOGY (UK) LIMITED,RDT Support Team,INFINIS LIMITED,AXLE ENERGY LIMITED,P3P ENERGY SUPPLY LIMITED,SSE DIGITAL SERVICES LIMITED,CARBONLACES LIMITED,ENERGY DELIVERED LTD,PEARLSTONE ENERGY LTD,LEVELISE LIMITED,URBAN RESERVE (ASSETCO 2) LIMITED,NPOWER COMMERCIAL GAS LIMITED"
21/03/2024,18:30,19:00,75,Test,0,All Providers,"OCTOPUS ENERGY LIMITED,FLEXITRICITY LIMITED,ORANGE POWER LTD,DRAX ENERGY SOLUTIONS LIMITED,OAKTREE POWER LIMITED,GRIDIMP LTD,E.ON NEXT ENERGY LIMITED,EQUIWATT LIMITED,ZENOBE ENERGY LIMITED,PERSE TECHNOLOGY LIMITED,CUB (UK) LTD,CONRAD ENERGY (TRADING) LIMITED,GRIDBEYOND LIMITED,SOLO ENERGY LIMITED,BRITISH GAS TRADING LIMITED,ENGIE POWER LIMITED,EDF ENERGY CUSTOMERS LIMITED,OVO ELECTRICITY LTD,HILDEBRAND TECHNOLOGY LIMITED,UTILITA ENERGY LIMITED,CHAMELEON TECHNOLOGY (UK) LIMITED,RDT Support Team,INFINIS LIMITED,AXLE ENERGY LIMITED,P3P ENERGY SUPPLY LIMITED,SSE DIGITAL SERVICES LIMITED,CARBONLACES LIMITED,ENERGY DELIVERED LTD,PEARLSTONE ENERGY LTD,LEVELISE LIMITED,URBAN RESERVE (ASSETCO 2) LIMITED,NPOWER COMMERCIAL GAS LIMITED"
14/03/2024,18:00,18:30,50,Test,0,All Providers,"OCTOPUS ENERGY LIMITED,FLEXITRICITY LIMITED,ORANGE POWER LTD,DRAX ENERGY SOLUTIONS LIMITED,OAKTREE POWER LIMITED,GRIDIMP LTD,E.ON NEXT ENERGY LIMITED,EQUIWATT LIMITED,ZENOBE ENERGY LIMITED,PERSE TECHNOLOGY LIMITED,CUB (UK) LTD,CONRAD ENERGY (TRADING) LIMITED,GRIDBEYOND LIMITED,SOLO ENERGY LIMITED,BRITISH GAS TRADING LIMITED,ENGIE POWER LIMITED,EDF ENERGY CUSTOMERS LIMITED,OVO ELECTRICITY LTD,HILDEBRAND TECHNOLOGY LIMITED,UTILITA ENERGY LIMITED,CHAMELEON TECHNOLOGY (UK) LIMITED,RDT Support Team,INFINIS LIMITED,AXLE ENERGY LIMITED,P3P ENERGY SUPPLY LIMITED,SSE DIGITAL SERVICES LIMITED,CARBONLACES LIMITED,ENERGY DELIVERED LTD,PEARLSTONE ENERGY LTD,LEVELISE LIMITED,URBAN RESERVE (ASSETCO 2) LIMITED,NPOWER COMMERCIAL GAS LIMITED"
02/03/2024,18:00,18:30,100,Test,0,All Providers,"OCTOPUS ENERGY LIMITED,FLEXITRICITY LIMITED,ORANGE POWER LTD,DRAX ENERGY SOLUTIONS LIMITED,OAKTREE POWER LIMITED,GRIDIMP LTD,E.ON NEXT ENERGY LIMITED,EQUIWATT LIMITED,ZENOBE ENERGY LIMITED,PERSE TECHNOLOGY LIMITED,CUB (UK) LTD,CONRAD ENERGY (TRADING) LIMITED,GRIDBEYOND LIMITED,SOLO ENERGY LIMITED,BRITISH GAS TRADING LIMITED,ENGIE POWER LIMITED,EDF ENERGY CUSTOMERS LIMITED,OVO ELECTRICITY LTD,HILDEBRAND TECHNOLOGY LIMITED,UTILITA ENERGY LIMITED,CHAMELEON TECHNOLOGY (UK) LIMITED,RDT Support Team,INFINIS LIMITED,AXLE ENERGY LIMITED,P3P ENERGY SUPPLY LIMITED,SSE DIGITAL SERVICES LIMITED,CARBONLACES LIMITED,ENERGY DELIVERED LTD,PEARLSTONE ENERGY LTD,LEVELISE LIMITED,URBAN RESERVE (ASSETCO 2) LIMITED,NPOWER COMMERCIAL GAS LIMITED"
01/03/2024,18:00,18:30,50,Test,0,All Providers,"OCTOPUS ENERGY LIMITED,FLEXITRICITY LIMITED,ORANGE POWER LTD,DRAX ENERGY SOLUTIONS LIMITED,OAKTREE POWER LIMITED,GRIDIMP LTD,E.ON NEXT ENERGY LIMITED,EQUIWATT LIMITED,ZENOBE ENERGY LIMITED,PERSE TECHNOLOGY LIMITED,CUB (UK) LTD,CONRAD ENERGY (TRADING) LIMITED,GRIDBEYOND LIMITED,SOLO ENERGY LIMITED,BRITISH GAS TRADING LIMITED,ENGIE POWER LIMITED,EDF ENERGY CUSTOMERS LIMITED,OVO ELECTRICITY LTD,HILDEBRAND TECHNOLOGY LIMITED,UTILITA ENERGY LIMITED,CHAMELEON TECHNOLOGY (UK) LIMITED,RDT Support Team,INFINIS LIMITED,AXLE ENERGY LIMITED,P3P ENERGY SUPPLY LIMITED,SSE DIGITAL SERVICES LIMITED,CARBONLACES LIMITED,ENERGY DELIVERED LTD,PEARLSTONE ENERGY LTD,LEVELISE LIMITED,URBAN RESERVE (ASSETCO 2) LIMITED,NPOWER COMMERCIAL GAS LIMITED"
29/02/2024,18:00,18:30,125,Test,0,All Providers,"OCTOPUS ENERGY LIMITED,FLEXITRICITY LIMITED,ORANGE POWER LTD,DRAX ENERGY SOLUTIONS LIMITED,OAKTREE POWER LIMITED,GRIDIMP LTD,E.ON NEXT ENERGY LIMITED,EQUIWATT LIMITED,ZENOBE ENERGY LIMITED,PERSE TECHNOLOGY LIMITED,CUB (UK) LTD,CONRAD ENERGY (TRADING) LIMITED,GRIDBEYOND LIMITED,SOLO ENERGY LIMITED,BRITISH GAS TRADING LIMITED,ENGIE POWER LIMITED,EDF ENERGY CUSTOMERS LIMITED,OVO ELECTRICITY LTD,HILDEBRAND TECHNOLOGY LIMITED,UTILITA ENERGY LIMITED,CHAMELEON TECHNOLOGY (UK) LIMITED,RDT Support Team,INFINIS LIMITED,AXLE ENERGY LIMITED,P3P ENERGY SUPPLY LIMITED,SSE DIGITAL SERVICES LIMITED,CARBONLACES LIMITED,ENERGY DELIVERED LTD,PEARLSTONE ENERGY LTD,LEVELISE LIMITED,URBAN RESERVE (ASSETCO 2) LIMITED,NPOWER COMMERCIAL GAS LIMITED"
08/02/2024,18:00,18:30,175,Test,0,All Providers,"OCTOPUS ENERGY LIMITED,FLEXITRICITY LIMITED,ORANGE POWER LTD,DRAX ENERGY SOLUTIONS LIMITED,OAKTREE POWER LIMITED,GRIDIMP LTD,E.ON NEXT ENERGY LIMITED,EQUIWATT LIMITED,ZENOBE ENERGY LIMITED,PERSE TECHNOLOGY LIMITED,CUB (UK) LTD,CONRAD ENERGY (TRADING) LIMITED,GRIDBEYOND LIMITED,SOLO ENERGY LIMITED,BRITISH GAS TRADING LIMITED,ENGIE POWER LIMITED,EDF ENERGY CUSTOMERS LIMITED,OVO ELECTRICITY LTD,HILDEBRAND TECHNOLOGY LIMITED,UTILITA ENERGY LIMITED,CHAMELEON TECHNOLOGY (UK) LIMITED,RDT Support Team,INFINIS LIMITED,AXLE ENERGY LIMITED,P3P ENERGY SUPPLY LIMITED,SSE DIGITAL SERVICES LIMITED,CARBONLACES LIMITED,ENERGY DELIVERED LTD,PEARLSTONE ENERGY LTD,LEVELISE LIMITED,URBAN RESERVE (ASSETCO 2) LIMITED"
08/02/2024,18:30,19:00,175,Test,0,All Providers,"OCTOPUS ENERGY LIMITED,FLEXITRICITY LIMITED,ORANGE POWER LTD,DRAX ENERGY SOLUTIONS LIMITED,OAKTREE POWER LIMITED,GRIDIMP LTD,E.ON NEXT ENERGY LIMITED,EQUIWATT LIMITED,ZENOBE ENERGY LIMITED,PERSE TECHNOLOGY LIMITED,CUB (UK) LTD,CONRAD ENERGY (TRADING) LIMITED,GRIDBEYOND LIMITED,SOLO ENERGY LIMITED,BRITISH GAS TRADING LIMITED,ENGIE POWER LIMITED,EDF ENERGY CUSTOMERS LIMITED,OVO ELECTRICITY LTD,HILDEBRAND TECHNOLOGY LIMITED,UTILITA ENERGY LIMITED,CHAMELEON TECHNOLOGY (UK) LIMITED,RDT Support Team,INFINIS LIMITED,AXLE ENERGY LIMITED,P3P ENERGY SUPPLY LIMITED,SSE DIGITAL SERVICES LIMITED,CARBONLACES LIMITED,ENERGY DELIVERED LTD,PEARLSTONE ENERGY LTD,LEVELISE LIMITED,URBAN RESERVE (ASSETCO 2) LIMITED"
02/02/2024,17:00,17:30,200,Test,0,All Providers,"OCTOPUS ENERGY LIMITED,FLEXITRICITY LIMITED,ORANGE POWER LTD,DRAX ENERGY SOLUTIONS LIMITED,OAKTREE POWER LIMITED,GRIDIMP LTD,E.ON NEXT ENERGY LIMITED,EQUIWATT LIMITED,ZENOBE ENERGY LIMITED,PERSE TECHNOLOGY LIMITED,CUB (UK) LTD,CONRAD ENERGY (TRADING) LIMITED,GRIDBEYOND LIMITED,SOLO ENERGY LIMITED,BRITISH GAS TRADING LIMITED,ENGIE POWER LIMITED,EDF ENERGY CUSTOMERS LIMITED,OVO ELECTRICITY LTD,HILDEBRAND TECHNOLOGY LIMITED,UTILITA ENERGY LIMITED,CHAMELEON TECHNOLOGY (UK) LIMITED,RDT Support Team,INFINIS LIMITED,AXLE ENERGY LIMITED,P3P ENERGY SUPPLY LIMITED,SSE DIGITAL SERVICES LIMITED,CARBONLACES LIMITED,ENERGY DELIVERED LTD,PEARLSTONE ENERGY LTD,LEVELISE LIMITED,URBAN RESERVE (ASSETCO 2) LIMITED"
02/02/2024,17:30,18:00,200,Test,0,All Providers,"OCTOPUS ENERGY LIMITED,FLEXITRICITY LIMITED,ORANGE POWER LTD,DRAX ENERGY SOLUTIONS LIMITED,OAKTREE POWER LIMITED,GRIDIMP LTD,E.ON NEXT ENERGY LIMITED,EQUIWATT LIMITED,ZENOBE ENERGY LIMITED,PERSE TECHNOLOGY LIMITED,CUB (UK) LTD,CONRAD ENERGY (TRADING) LIMITED,GRIDBEYOND LIMITED,SOLO ENERGY LIMITED,BRITISH GAS TRADING LIMITED,ENGIE POWER LIMITED,EDF ENERGY CUSTOMERS LIMITED,OVO ELECTRICITY LTD,HILDEBRAND TECHNOLOGY LIMITED,UTILITA ENERGY LIMITED,CHAMELEON TECHNOLOGY (UK) LIMITED,RDT Support Team,INFINIS LIMITED,AXLE ENERGY LIMITED,P3P ENERGY SUPPLY LIMITED,SSE DIGITAL SERVICES LIMITED,CARBONLACES LIMITED,ENERGY DELIVERED LTD,PEARLSTONE ENERGY LTD,LEVELISE LIMITED,URBAN RESERVE (ASSETCO 2) LIMITED"
17/01/2024,17:30,18:00,400,Test,3000,All Providers,"OCTOPUS ENERGY LIMITED,FLEXITRICITY LIMITED,ORANGE POWER LTD,DRAX ENERGY SOLUTIONS LIMITED,OAKTREE POWER LIMITED,GRIDIMP LTD,E.ON NEXT ENERGY LIMITED,EQUIWATT LIMITED,ZENOBE ENERGY LIMITED,PERSE TECHNOLOGY LIMITED,CUB (UK) LTD,CONRAD ENERGY (TRADING) LIMITED,GRIDBEYOND LIMITED,SOLO ENERGY LIMITED,BRITISH GAS TRADING LIMITED,ENGIE POWER LIMITED,EDF ENERGY CUSTOMERS LIMITED,OVO ELECTRICITY LTD,HILDEBRAND TECHNOLOGY LIMITED,UTILITA ENERGY LIMITED,CHAMELEON TECHNOLOGY (UK) LIMITED,RDT Support Team,INFINIS LIMITED,AXLE ENERGY LIMITED,P3P ENERGY SUPPLY LIMITED,SSE DIGITAL SERVICES LIMITED,CARBONLACES LIMITED,ENERGY DELIVERED LTD,PEARLSTONE ENERGY LTD,LEVELISE LIMITED,URBAN RESERVE (ASSETCO 2) LIMITED"
17/01/2024,18:00,18:30,400,Test,3000,All Providers,"OCTOPUS ENERGY LIMITED,FLEXITRICITY LIMITED,ORANGE POWER LTD,DRAX ENERGY SOLUTIONS LIMITED,OAKTREE POWER LIMITED,GRIDIMP LTD,E.ON NEXT ENERGY LIMITED,EQUIWATT LIMITED,ZENOBE ENERGY LIMITED,PERSE TECHNOLOGY LIMITED,CUB (UK) LTD,CONRAD ENERGY (TRADING) LIMITED,GRIDBEYOND LIMITED,SOLO ENERGY LIMITED,BRITISH GAS TRADING LIMITED,ENGIE POWER LIMITED,EDF ENERGY CUSTOMERS LIMITED,OVO ELECTRICITY LTD,HILDEBRAND TECHNOLOGY LIMITED,UTILITA ENERGY LIMITED,CHAMELEON TECHNOLOGY (UK) LIMITED,RDT Support Team,INFINIS LIMITED,AXLE ENERGY LIMITED,P3P ENERGY SUPPLY LIMITED,SSE DIGITAL SERVICES LIMITED,CARBONLACES LIMITED,ENERGY DELIVERED LTD,PEARLSTONE ENERGY LTD,LEVELISE LIMITED,URBAN RESERVE (ASSETCO 2) LIMITED"
19/12/2023,17:00,17:30,350,Test,3000,All Providers,"OCTOPUS ENERGY LIMITED,FLEXITRICITY LIMITED,ORANGE POWER LTD,DRAX ENERGY SOLUTIONS LIMITED,OAKTREE POWER LIMITED,GRIDIMP LTD,E.ON NEXT ENERGY LIMITED,EQUIWATT LIMITED,ZENOBE ENERGY LIMITED,PERSE TECHNOLOGY LIMITED,CUB (UK) LTD,CONRAD ENERGY (TRADING) LIMITED,GRIDBEYOND LIMITED,SOLO ENERGY LIMITED,BRITISH GAS TRADING LIMITED,ENGIE POWER LIMITED,EDF ENERGY CUSTOMERS LIMITED,OVO ELECTRICITY LTD,HILDEBRAND TECHNOLOGY LIMITED,UTILITA ENERGY LIMITED,CHAMELEON TECHNOLOGY (UK) LIMITED,RDT Support Team,INFINIS LIMITED,AXLE ENERGY LIMITED,P3P ENERGY SUPPLY LIMITED,SSE DIGITAL SERVICES LIMITED,CARBONLACES LIMITED,ENERGY DELIVERED LTD,PEARLSTONE ENERGY LTD,LEVELISE LIMITED"
19/12/2023,17:30,18:00,350,Test,3000,All Providers,"OCTOPUS ENERGY LIMITED,FLEXITRICITY LIMITED,ORANGE POWER LTD,DRAX ENERGY SOLUTIONS LIMITED,OAKTREE POWER LIMITED,GRIDIMP LTD,E.ON NEXT ENERGY LIMITED,EQUIWATT LIMITED,ZENOBE ENERGY LIMITED,PERSE TECHNOLOGY LIMITED,CUB (UK) LTD,CONRAD ENERGY (TRADING) LIMITED,GRIDBEYOND LIMITED,SOLO ENERGY LIMITED,BRITISH GAS TRADING LIMITED,ENGIE POWER LIMITED,EDF ENERGY CUSTOMERS LIMITED,OVO ELECTRICITY LTD,HILDEBRAND TECHNOLOGY LIMITED,UTILITA ENERGY LIMITED,CHAMELEON TECHNOLOGY (UK) LIMITED,RDT Support Team,INFINIS LIMITED,AXLE ENERGY LIMITED,P3P ENERGY SUPPLY LIMITED,SSE DIGITAL SERVICES LIMITED,CARBONLACES LIMITED,ENERGY DELIVERED LTD,PEARLSTONE ENERGY LTD,LEVELISE LIMITED"
15/12/2023,17:00,17:30,350,Test,3000,Staggered,OCTOPUS ENERGY LIMITED
15/12/2023,17:30,18:00,650,Test,3000,Staggered,"OCTOPUS ENERGY LIMITED,FLEXITRICITY LIMITED,ORANGE POWER LTD,DRAX ENERGY SOLUTIONS LIMITED,OAKTREE POWER LIMITED,GRIDIMP LTD,E.ON NEXT ENERGY LIMITED,EQUIWATT LIMITED,ZENOBE ENERGY LIMITED,PERSE TECHNOLOGY LIMITED,CUB (UK) LTD,CONRAD ENERGY (TRADING) LIMITED,GRIDBEYOND LIMITED,SOLO ENERGY LIMITED,BRITISH GAS TRADING LIMITED,ENGIE POWER LIMITED,EDF ENERGY CUSTOMERS LIMITED,OVO ELECTRICITY LTD,HILDEBRAND TECHNOLOGY LIMITED,UTILITA ENERGY LIMITED,CHAMELEON TECHNOLOGY (UK) LIMITED,RDT Support Team,INFINIS LIMITED,AXLE ENERGY LIMITED,P3P ENERGY SUPPLY LIMITED,SSE DIGITAL SERVICES LIMITED,CARBONLACES LIMITED,ENERGY DELIVERED LTD,PEARLSTONE ENERGY LTD"
15/12/2023,18:00,18:30,350,Test,3000,Staggered,"FLEXITRICITY LIMITED,ORANGE POWER LTD,DRAX ENERGY SOLUTIONS LIMITED,OAKTREE POWER LIMITED,GRIDIMP LTD,E.ON NEXT ENERGY LIMITED,EQUIWATT LIMITED,ZENOBE ENERGY LIMITED,PERSE TECHNOLOGY LIMITED,CUB (UK) LTD,CONRAD ENERGY (TRADING) LIMITED,GRIDBEYOND LIMITED,SOLO ENERGY LIMITED,BRITISH GAS TRADING LIMITED,ENGIE POWER LIMITED,EDF ENERGY CUSTOMERS LIMITED,OVO ELECTRICITY LTD,HILDEBRAND TECHNOLOGY LIMITED,UTILITA ENERGY LIMITED,CHAMELEON TECHNOLOGY (UK) LIMITED,RDT Support Team,INFINIS LIMITED,AXLE ENERGY LIMITED,P3P ENERGY SUPPLY LIMITED,SSE DIGITAL SERVICES LIMITED,CARBONLACES LIMITED,ENERGY DELIVERED LTD,PEARLSTONE ENERGY LTD"
14/12/2023,17:00,17:30,500,Test,3000,All Providers,"OCTOPUS ENERGY LIMITED,FLEXITRICITY LIMITED,ORANGE POWER LTD,DRAX ENERGY SOLUTIONS LIMITED,OAKTREE POWER LIMITED,GRIDIMP LTD,E.ON NEXT ENERGY LIMITED,EQUIWATT LIMITED,ZENOBE ENERGY LIMITED,PERSE TECHNOLOGY LIMITED,CUB (UK) LTD,CONRAD ENERGY (TRADING) LIMITED,GRIDBEYOND LIMITED,SOLO ENERGY LIMITED,BRITISH GAS TRADING LIMITED,ENGIE POWER LIMITED,EDF ENERGY CUSTOMERS LIMITED,OVO ELECTRICITY LTD,HILDEBRAND TECHNOLOGY LIMITED,UTILITA ENERGY LIMITED,CHAMELEON TECHNOLOGY (UK) LIMITED,RDT Support Team,INFINIS LIMITED,AXLE ENERGY LIMITED,P3P ENERGY SUPPLY LIMITED,SSE DIGITAL SERVICES LIMITED,CARBONLACES LIMITED,ENERGY DELIVERED LTD"
14/12/2023,17:30,18:00,500,Test,3000,All Providers,"OCTOPUS ENERGY LIMITED,FLEXITRICITY LIMITED,ORANGE POWER LTD,DRAX ENERGY SOLUTIONS LIMITED,OAKTREE POWER LIMITED,GRIDIMP LTD,E.ON NEXT ENERGY LIMITED,EQUIWATT LIMITED,ZENOBE ENERGY LIMITED,PERSE TECHNOLOGY LIMITED,CUB (UK) LTD,CONRAD ENERGY (TRADING) LIMITED,GRIDBEYOND LIMITED,SOLO ENERGY LIMITED,BRITISH GAS TRADING LIMITED,ENGIE POWER LIMITED,EDF ENERGY CUSTOMERS LIMITED,OVO ELECTRICITY LTD,HILDEBRAND TECHNOLOGY LIMITED,UTILITA ENERGY LIMITED,CHAMELEON TECHNOLOGY (UK) LIMITED,RDT Support Team,INFINIS LIMITED,AXLE ENERGY LIMITED,P3P ENERGY SUPPLY LIMITED,SSE DIGITAL SERVICES LIMITED,CARBONLACES LIMITED,ENERGY DELIVERED LTD"
12/12/2023,17:00,17:30,400,Test,3000,All Providers,"OCTOPUS ENERGY LIMITED,FLEXITRICITY LIMITED,ORANGE POWER LTD,DRAX ENERGY SOLUTIONS LIMITED,OAKTREE POWER LIMITED,GRIDIMP LTD,E.ON NEXT ENERGY LIMITED,EQUIWATT LIMITED,ZENOBE ENERGY LIMITED,PERSE TECHNOLOGY LIMITED,CUB (UK) LTD,CONRAD ENERGY (TRADING) LIMITED,GRIDBEYOND LIMITED,SOLO ENERGY LIMITED,BRITISH GAS TRADING LIMITED,ENGIE POWER LIMITED,EDF ENERGY CUSTOMERS LIMITED,OVO ELECTRICITY LTD,HILDEBRAND TECHNOLOGY LIMITED,UTILITA ENERGY LIMITED,CHAMELEON TECHNOLOGY (UK) LIMITED,RDT Support Team,INFINIS LIMITED,AXLE ENERGY LIMITED,P3P ENERGY SUPPLY LIMITED,SSE DIGITAL SERVICES LIMITED,CARBONLACES LIMITED,ENERGY DELIVERED LTD"
12/12/2023,17:30,18:00,400,Test,3000,All Providers,"OCTOPUS ENERGY LIMITED,FLEXITRICITY LIMITED,ORANGE POWER LTD,DRAX ENERGY SOLUTIONS LIMITED,OAKTREE POWER LIMITED,GRIDIMP LTD,E.ON NEXT ENERGY LIMITED,EQUIWATT LIMITED,ZENOBE ENERGY LIMITED,PERSE TECHNOLOGY LIMITED,CUB (UK) LTD,CONRAD ENERGY (TRADING) LIMITED,GRIDBEYOND LIMITED,SOLO ENERGY LIMITED,BRITISH GAS TRADING LIMITED,ENGIE POWER LIMITED,EDF ENERGY CUSTOMERS LIMITED,OVO ELECTRICITY LTD,HILDEBRAND TECHNOLOGY LIMITED,UTILITA ENERGY LIMITED,CHAMELEON TECHNOLOGY (UK) LIMITED,RDT Support Team,INFINIS LIMITED,AXLE ENERGY LIMITED,P3P ENERGY SUPPLY LIMITED,SSE DIGITAL SERVICES LIMITED,CARBONLACES LIMITED,ENERGY DELIVERED LTD"
05/12/2023,17:30,18:00,500,Test,3000,All Providers,"OCTOPUS ENERGY LIMITED,FLEXITRICITY LIMITED,ORANGE POWER LTD,DRAX ENERGY SOLUTIONS LIMITED,OAKTREE POWER LIMITED,GRIDIMP LTD,E.ON NEXT ENERGY LIMITED,EQUIWATT LIMITED,ZENOBE ENERGY LIMITED,PERSE TECHNOLOGY LIMITED,CUB (UK) LTD,CONRAD ENERGY (TRADING) LIMITED,GRIDBEYOND LIMITED,SOLO ENERGY LIMITED,BRITISH GAS TRADING LIMITED,ENGIE POWER LIMITED,EDF ENERGY CUSTOMERS LIMITED,OVO ELECTRICITY LTD,HILDEBRAND TECHNOLOGY LIMITED,UTILITA ENERGY LIMITED,CHAMELEON TECHNOLOGY (UK) LIMITED,RDT Support Team,INFINIS LIMITED,AXLE ENERGY LIMITED,P3P ENERGY SUPPLY LIMITED,SSE DIGITAL SERVICES LIMITED,CARBONLACES LIMITED,ENERGY DELIVERED LTD"
05/12/2023,18:00,18:30,500,Test,3000,All Providers,"OCTOPUS ENERGY LIMITED,FLEXITRICITY LIMITED,ORANGE POWER LTD,DRAX ENERGY SOLUTIONS LIMITED,OAKTREE POWER LIMITED,GRIDIMP LTD,E.ON NEXT ENERGY LIMITED,EQUIWATT LIMITED,ZENOBE ENERGY LIMITED,PERSE TECHNOLOGY LIMITED,CUB (UK) LTD,CONRAD ENERGY (TRADING) LIMITED,GRIDBEYOND LIMITED,SOLO ENERGY LIMITED,BRITISH GAS TRADING LIMITED,ENGIE POWER LIMITED,EDF ENERGY CUSTOMERS LIMITED,OVO ELECTRICITY LTD,HILDEBRAND TECHNOLOGY LIMITED,UTILITA ENERGY LIMITED,CHAMELEON TECHNOLOGY (UK) LIMITED,RDT Support Team,INFINIS LIMITED,AXLE ENERGY LIMITED,P3P ENERGY SUPPLY LIMITED,SSE DIGITAL SERVICES LIMITED,CARBONLACES LIMITED,ENERGY DELIVERED LTD"
01/12/2023,16:30,17:00,550,Live,0,All Providers,"OCTOPUS ENERGY LIMITED,FLEXITRICITY LIMITED,ORANGE POWER LTD,DRAX ENERGY SOLUTIONS LIMITED,OAKTREE POWER LIMITED,GRIDIMP LTD,E.ON NEXT ENERGY LIMITED,EQUIWATT LIMITED,ZENOBE ENERGY LIMITED,PERSE TECHNOLOGY LIMITED,CUB (UK) LTD,CONRAD ENERGY (TRADING) LIMITED,GRIDBEYOND LIMITED,SOLO ENERGY LIMITED,BRITISH GAS TRADING LIMITED,ENGIE POWER LIMITED,EDF ENERGY CUSTOMERS LIMITED,OVO ELECTRICITY LTD,HILDEBRAND TECHNOLOGY LIMITED,UTILITA ENERGY LIMITED,CHAMELEON TECHNOLOGY (UK) LIMITED,RDT Support Team,INFINIS LIMITED,AXLE ENERGY LIMITED,P3P ENERGY SUPPLY LIMITED,SSE DIGITAL SERVICES LIMITED,CARBONLACES LIMITED,ENERGY DELIVERED LTD"
01/12/2023,17:00,17:30,550,Live,0,All Providers,"OCTOPUS ENERGY LIMITED,FLEXITRICITY LIMITED,ORANGE POWER LTD,DRAX ENERGY SOLUTIONS LIMITED,OAKTREE POWER LIMITED,GRIDIMP LTD,E.ON NEXT ENERGY LIMITED,EQUIWATT LIMITED,ZENOBE ENERGY LIMITED,PERSE TECHNOLOGY LIMITED,CUB (UK) LTD,CONRAD ENERGY (TRADING) LIMITED,GRIDBEYOND LIMITED,SOLO ENERGY LIMITED,BRITISH GAS TRADING LIMITED,ENGIE POWER LIMITED,EDF ENERGY CUSTOMERS LIMITED,OVO ELECTRICITY LTD,HILDEBRAND TECHNOLOGY LIMITED,UTILITA ENERGY LIMITED,CHAMELEON TECHNOLOGY (UK) LIMITED,RDT Support Team,INFINIS LIMITED,AXLE ENERGY LIMITED,P3P ENERGY SUPPLY LIMITED,SSE DIGITAL SERVICES LIMITED,CARBONLACES LIMITED,ENERGY DELIVERED LTD"
01/12/2023,17:30,18:00,550,Live,0,All Providers,"OCTOPUS ENERGY LIMITED,FLEXITRICITY LIMITED,ORANGE POWER LTD,DRAX ENERGY SOLUTIONS LIMITED,OAKTREE POWER LIMITED,GRIDIMP LTD,E.ON NEXT ENERGY LIMITED,EQUIWATT LIMITED,ZENOBE ENERGY LIMITED,PERSE TECHNOLOGY LIMITED,CUB (UK) LTD,CONRAD ENERGY (TRADING) LIMITED,GRIDBEYOND LIMITED,SOLO ENERGY LIMITED,BRITISH GAS TRADING LIMITED,ENGIE POWER LIMITED,EDF ENERGY CUSTOMERS LIMITED,OVO ELECTRICITY LTD,HILDEBRAND TECHNOLOGY LIMITED,UTILITA ENERGY LIMITED,CHAMELEON TECHNOLOGY (UK) LIMITED,RDT Support Team,INFINIS LIMITED,AXLE ENERGY LIMITED,P3P ENERGY SUPPLY LIMITED,SSE DIGITAL SERVICES LIMITED,CARBONLACES LIMITED,ENERGY DELIVERED LTD"
29/11/2023,17:00,17:30,550,Live,0,All Providers,"OCTOPUS ENERGY LIMITED,FLEXITRICITY LIMITED,ORANGE POWER LTD,DRAX ENERGY SOLUTIONS LIMITED,OAKTREE POWER LIMITED,GRIDIMP LTD,E.ON NEXT ENERGY LIMITED,EQUIWATT LIMITED,ZENOBE ENERGY LIMITED,PERSE TECHNOLOGY LIMITED,CUB (UK) LTD,CONRAD ENERGY (TRADING) LIMITED,GRIDBEYOND LIMITED,SOLO ENERGY LIMITED,BRITISH GAS TRADING LIMITED,ENGIE POWER LIMITED,EDF ENERGY CUSTOMERS LIMITED,OVO ELECTRICITY LTD,HILDEBRAND TECHNOLOGY LIMITED,UTILITA ENERGY LIMITED,CHAMELEON TECHNOLOGY (UK) LIMITED,RDT Support Team,INFINIS LIMITED,AXLE ENERGY LIMITED,P3P ENERGY SUPPLY LIMITED,SSE DIGITAL SERVICES LIMITED,CARBONLACES LIMITED"
29/11/2023,17:30,18:00,550,Live,0,All Providers,"OCTOPUS ENERGY LIMITED,FLEXITRICITY LIMITED,ORANGE POWER LTD,DRAX ENERGY SOLUTIONS LIMITED,OAKTREE POWER LIMITED,GRIDIMP LTD,E.ON NEXT ENERGY LIMITED,EQUIWATT LIMITED,ZENOBE ENERGY LIMITED,PERSE TECHNOLOGY LIMITED,CUB (UK) LTD,CONRAD ENERGY (TRADING) LIMITED,GRIDBEYOND LIMITED,SOLO ENERGY LIMITED,BRITISH GAS TRADING LIMITED,ENGIE POWER LIMITED,EDF ENERGY CUSTOMERS LIMITED,OVO ELECTRICITY LTD,HILDEBRAND TECHNOLOGY LIMITED,UTILITA ENERGY LIMITED,CHAMELEON TECHNOLOGY (UK) LIMITED,RDT Support Team,INFINIS LIMITED,AXLE ENERGY LIMITED,P3P ENERGY SUPPLY LIMITED,SSE DIGITAL SERVICES LIMITED,CARBONLACES LIMITED"
29/11/2023,18:00,18:30,550,Live,0,All Providers,"OCTOPUS ENERGY LIMITED,FLEXITRICITY LIMITED,ORANGE POWER LTD,DRAX ENERGY SOLUTIONS LIMITED,OAKTREE POWER LIMITED,GRIDIMP LTD,E.ON NEXT ENERGY LIMITED,EQUIWATT LIMITED,ZENOBE ENERGY LIMITED,PERSE TECHNOLOGY LIMITED,CUB (UK) LTD,CONRAD ENERGY (TRADING) LIMITED,GRIDBEYOND LIMITED,SOLO ENERGY LIMITED,BRITISH GAS TRADING LIMITED,ENGIE POWER LIMITED,EDF ENERGY CUSTOMERS LIMITED,OVO ELECTRICITY LTD,HILDEBRAND TECHNOLOGY LIMITED,UTILITA ENERGY LIMITED,CHAMELEON TECHNOLOGY (UK) LIMITED,RDT Support Team,INFINIS LIMITED,AXLE ENERGY LIMITED,P3P ENERGY SUPPLY LIMITED,SSE DIGITAL SERVICES LIMITED,CARBONLACES LIMITED"
16/11/2023,17:00,17:30,250,Test,3000,Staggered,"FLEXITRICITY LIMITED,ORANGE POWER LTD,DRAX ENERGY SOLUTIONS LIMITED,OAKTREE POWER LIMITED,GRIDIMP LTD,E.ON NEXT ENERGY LIMITED,EQUIWATT LIMITED,ZENOBE ENERGY LIMITED,PERSE TECHNOLOGY LIMITED,CUB (UK) LTD,CONRAD ENERGY (TRADING) LIMITED,GRIDBEYOND LIMITED,SOLO ENERGY LIMITED,BRITISH GAS TRADING LIMITED,ENGIE POWER LIMITED,EDF ENERGY CUSTOMERS LIMITED,OVO ELECTRICITY LTD,HILDEBRAND TECHNOLOGY LIMITED,UTILITA ENERGY LIMITED,CHAMELEON TECHNOLOGY (UK) LIMITED,RDT Support Team,INFINIS LIMITED,AXLE ENERGY LIMITED,P3P ENERGY SUPPLY LIMITED,SSE DIGITAL SERVICES LIMITED"
16/11/2023,17:30,18:00,500,Test,3000,Staggered,"OCTOPUS ENERGY LIMITED,FLEXITRICITY LIMITED,ORANGE POWER LTD,DRAX ENERGY SOLUTIONS LIMITED,OAKTREE POWER LIMITED,GRIDIMP LTD,E.ON NEXT ENERGY LIMITED,EQUIWATT LIMITED,ZENOBE ENERGY LIMITED,PERSE TECHNOLOGY LIMITED,CUB (UK) LTD,CONRAD ENERGY (TRADING) LIMITED,GRIDBEYOND LIMITED,SOLO ENERGY LIMITED,BRITISH GAS TRADING LIMITED,ENGIE POWER LIMITED,EDF ENERGY CUSTOMERS LIMITED,OVO ELECTRICITY LTD,HILDEBRAND TECHNOLOGY LIMITED,UTILITA ENERGY LIMITED,CHAMELEON TECHNOLOGY (UK) LIMITED,RDT Support Team,INFINIS LIMITED,AXLE ENERGY LIMITED,P3P ENERGY SUPPLY LIMITED,SSE DIGITAL SERVICES LIMITED"
16/11/2023,18:00,18:30,250,Test,3000,Staggered,OCTOPUS ENERGY LIMITED
