Delivery Date,From,To,Service Requirement Type,DFS Required MW,DFS Procured MW,DFS Provider Bids Accepted Total Cost GBP,Settled Volume MW,Settled Cost GBP
21/03/2024,17:30,18:00,Test,75,80,26372,71,24363
21/03/2024,18:30,19:00,Test,75,84,28889,73,25814
14/03/2024,18:00,18:30,Test,50,56,17058,59,17850
02/03/2024,18:00,18:30,Test,100,100,36045,129,40262
01/03/2024,18:00,18:30,Test,50,56,15911,52,15276
29/02/2024,18:00,18:30,Test,125,151,84947,129,73863
08/02/2024,18:00,18:30,Test,175,179,134112,191,143431
08/02/2024,18:30,19:00,Test,175,178,133362,187,137578
02/02/2024,17:00,17:30,Test,200,157,148919,228,210286
02/02/2024,17:30,18:00,Test,200,161,152419,246,226130
17/01/2024,17:30,18:00,Test,400,374,561000,406,609523
17/01/2024,18:00,18:30,Test,400,377,565500,412,617584
19/12/2023,17:00,17:30,Test,350,297,445500,305,458233
19/12/2023,17:30,18:00,Test,350,300,450000,320,479494
15/12/2023,17:00,17:30,Test,350,126,189000,177,266037
15/12/2023,17:30,18:00,Test,650,382,573000,398,597570
15/12/2023,18:00,18:30,Test,350,253,379500,207,309939
14/12/2023,17:00,17:30,Test,500,301,451500,286,429218
14/12/2023,17:30,18:00,Test,500,309,463500,303,454180
12/12/2023,17:00,17:30,Test,400,323,484500,192,287823
12/12/2023,17:30,18:00,Test,400,323,484500,204,305623
05/12/2023,17:30,18:00,Test,500,515,772500,261,391240
05/12/2023,18:00,18:30,Test,500,523,784500,263,393990
01/12/2023,16:30,17:00,Live,550,452,1138548,299,746458
01/12/2023,17:00,17:30,Live,550,487,1215378,340,851688
01/12/2023,17:30,18:00,Live,550,487,1219660,343,865990
29/11/2023,17:00,17:30,Live,550,449,1052833,332,776208
29/11/2023,17:30,18:00,Live,550,458,983665,358,774333
29/11/2023,18:00,18:30,Live,550,459,994664,340,748948
16/11/2023,17:00,17:30,Test,250,210,315000,130,195620
16/11/2023,17:30,18:00,Test,500,395,592500,207,309965
16/11/2023,18:00,18:30,Test,250,186,279000,72,108268
